id_escenario,naturaleza,codigo,producto,categoria,delta_precio_directo_fraccion,delta_precio_total_fraccion,delta_y_millones_q_2013,delta_x_millones_q_2013,delta_residual_no_intermedio_domestico_millones_q_2013
E5_original,reproduccion_forense,P001,Maíz,"Agricultura, silvicultura y pesca (sin P010)",7.176508269725397e-07,9.74737524879397e-07,0.0,3.086724063567101e-05,2.467551788998379e-05
E5_original,reproduccion_forense,P002,Frijoles,"Agricultura, silvicultura y pesca (sin P010)",6.645415246796137e-08,3.8894332419088817e-07,0.0,1.719379209715714e-05,1.2536560275094602e-05
E5_original,reproduccion_forense,P003,Leguminosas (legumbres secas) y semillas oleaginosas,"Agricultura, silvicultura y pesca (sin P010)",1.8388014388607492e-06,2.5481224371516394e-06,0.0,5.0139059241338145e-06,3.2870028639541627e-06
E5_original,reproduccion_forense,P004,Arroz,"Agricultura, silvicultura y pesca (sin P010)",9.13156817575581e-07,1.7216206305146098e-06,0.0,4.754825679061284e-06,3.083568110012205e-06
E5_original,reproduccion_forense,P005,Otros cereales,"Agricultura, silvicultura y pesca (sin P010)",5.690820061084978e-07,8.662046566185027e-07,0.0,1.2812226865533158e-06,1.003780407820975e-06
E5_original,reproduccion_forense,P006,Hortalizas,"Agricultura, silvicultura y pesca (sin P010)",1.034808141711407e-06,1.473613181902761e-06,0.0,0.00034391549949675925,0.0002808461312118219
E5_original,reproduccion_forense,P007,Sandías y melones,"Agricultura, silvicultura y pesca (sin P010)",7.34957232557163e-07,1.2167992169939735e-06,0.0,2.6680783102103507e-06,2.1269592583307074e-06
E5_original,reproduccion_forense,P008,Ejotes y arvejas,"Agricultura, silvicultura y pesca (sin P010)",7.116890663069154e-07,1.1136397443447435e-06,0.0,2.024387679328179e-06,1.6857588430561482e-06
E5_original,reproduccion_forense,P009,Raíces y tubérculos,"Agricultura, silvicultura y pesca (sin P010)",9.211720321890546e-07,1.5879974663920477e-06,0.0,5.048479347850336e-05,3.525873329954951e-05
E5_original,reproduccion_forense,P010,Caña de azúcar y otras plantas azucareras,Cana de azucar,1.8168695893995755e-06,2.9336920308423794e-06,1.8772035273857983,1.8790713809166484,0.8460410833125837
E5_original,reproduccion_forense,P011,Tabaco y otras plantas no perennes,"Agricultura, silvicultura y pesca (sin P010)",1.793437841212844e-07,5.98490439471e-07,0.0,5.120373304883346e-05,3.766266741052923e-05
E5_original,reproduccion_forense,P012,"Bananos, plátanos y otros","Agricultura, silvicultura y pesca (sin P010)",1.6826641142729484e-06,2.823786066452056e-06,0.0,1.0150083311959868e-05,6.879895513286323e-06
E5_original,reproduccion_forense,P013,Frutas tropicales y subtropicales,"Agricultura, silvicultura y pesca (sin P010)",1.0632437829655384e-06,1.525771967004015e-06,0.0,1.3259038136912187e-05,1.1363757476684873e-05
E5_original,reproduccion_forense,P014,"Berries, otras frutas y semillas de frutas","Agricultura, silvicultura y pesca (sin P010)",1.1873853182194126e-06,1.4894953519137123e-06,0.0,2.2408510059085113e-05,1.7681488267777605e-05
E5_original,reproduccion_forense,P015,Palma africana,"Agricultura, silvicultura y pesca (sin P010)",1.2690280057155022e-06,2.6114793812996146e-06,0.0,3.614810833393057e-05,2.5516906158866416e-05
E5_original,reproduccion_forense,P016,Café en grano,"Agricultura, silvicultura y pesca (sin P010)",5.9051499015394236e-08,7.818593936230951e-07,0.0,1.4936625999775053e-05,5.682778906691236e-06
E5_original,reproduccion_forense,P017,Cardamomo,"Agricultura, silvicultura y pesca (sin P010)",6.282575548237885e-07,1.5520800979879547e-06,0.0,2.477771541327854e-07,1.1962846866777038e-07
E5_original,reproduccion_forense,P018,Caucho natural,"Agricultura, silvicultura y pesca (sin P010)",2.8919655285759412e-06,5.139770668169911e-06,0.0,9.768949699495187e-05,4.219732184081748e-05
E5_original,reproduccion_forense,P019,Propagación de plantas,"Agricultura, silvicultura y pesca (sin P010)",2.9815887512868243e-06,4.3874868326705515e-06,0.0,0.0056759033834238555,0.002979776713317435
E5_original,reproduccion_forense,P020,"Otros frutos oleaginosos, otras plantas bebestibles y especias aromáticas","Agricultura, silvicultura y pesca (sin P010)",2.524652747604407e-06,3.094777983989024e-06,0.0,3.6524775083508172e-06,2.7467591487655113e-06
E5_original,reproduccion_forense,P021,Ganado bovino,"Agricultura, silvicultura y pesca (sin P010)",4.4237019657050123e-07,7.746021286251025e-07,0.0,0.00017591089675076646,0.00013994307134906168
E5_original,reproduccion_forense,P022,Ganado porcino y otro tipo de animales vivos n.c.p.,"Agricultura, silvicultura y pesca (sin P010)",1.0523756724948944e-06,1.6515295967747188e-06,0.0,0.00010641167532474588,4.460005911582784e-05
E5_original,reproduccion_forense,P023,Aves de corral,"Agricultura, silvicultura y pesca (sin P010)",5.709889908373185e-07,1.265701428572338e-06,0.0,0.0002437460930633276,9.324251657575114e-05
E5_original,reproduccion_forense,P024,Leche cruda,"Agricultura, silvicultura y pesca (sin P010)",9.6228466394625e-07,1.7449160137469812e-06,0.0,2.2036893814391814e-05,8.965238119298308e-06
E5_original,reproduccion_forense,P025,Huevos,"Agricultura, silvicultura y pesca (sin P010)",5.767864677190699e-07,8.766104817266009e-07,0.0,4.3379558131138704e-05,2.9504198405100425e-05
E5_original,reproduccion_forense,P026,Otros productos de animales vivos,"Agricultura, silvicultura y pesca (sin P010)",0.0,7.459247266555854e-07,0.0,2.51853557970916e-06,1.6362456931604005e-06
E5_original,reproduccion_forense,P027,Troncos de madera y leña,"Agricultura, silvicultura y pesca (sin P010)",2.111420110458217e-06,3.1587223051738915e-06,0.0,0.00023031214420259478,0.00020238749854621096
E5_original,reproduccion_forense,P028,Productos forestales no madereros,"Agricultura, silvicultura y pesca (sin P010)",1.8029393199971815e-06,3.21557424481492e-06,0.0,2.0647515885764914e-05,1.567865684932682e-05
E5_original,reproduccion_forense,P029,"Peces vivos, frescos o refrigerados","Agricultura, silvicultura y pesca (sin P010)",1.1473213236536779e-05,1.1746218180884206e-05,0.0,2.0885457439374618e-06,1.7369211938423801e-06
E5_original,reproduccion_forense,P030,Crustáceos sin congelar y otros productos de la pesca,"Agricultura, silvicultura y pesca (sin P010)",1.5912806110805147e-06,2.1747573058101984e-06,0.0,5.409470262697921e-05,2.8681306860314677e-05
E5_original,reproduccion_forense,P031,Petróleo crudo y gas natural,Otros,5.1825978128014645e-06,6.021642615915888e-06,0.0,6.628403638782592e-05,4.9611557428557695e-05
E5_original,reproduccion_forense,P032,Minerales metálicos,Otros,1.387120067183528e-06,1.775187577108295e-06,0.0,4.219158610324972e-25,3.175348190585268e-25
E5_original,reproduccion_forense,P033,Minerales no metálicos,Otros,5.279230220204143e-06,5.832429767017219e-06,0.0,0.002542267225254499,0.0018514806128879103
E5_original,reproduccion_forense,P034,Carne y despojos comestibles de ganado bovino; cueros y pieles de bovino y de otros animales,Otros,1.1232731877291778e-06,2.40326265608559e-06,0.0,0.0002857712615683433,7.107295312685792e-05
E5_original,reproduccion_forense,P035,Carne y despojos comestibles de ganado porcino,Otros,5.076542853454664e-07,1.989221689703186e-06,0.0,0.00012224163926621926,3.0420634152960745e-05
E5_original,reproduccion_forense,P036,Carne y despojos comestibles de aves,Otros,8.673293099880353e-07,2.189014671083232e-06,0.0,0.0003339473892996867,8.951147235266805e-05
E5_original,reproduccion_forense,P037,Carne y despojos de otros animales y conservas y preparados de carne,Otros,1.1167127816039802e-06,2.0927293500983886e-06,0.0,0.00018794936683912128,8.856763486075352e-05
E5_original,reproduccion_forense,P038,"Pescado congelado, preparado o en conserva y sus productos",Otros,1.279476066091306e-07,8.005346288345892e-07,0.0,2.1866011350376357e-07,1.8676603009850717e-07
E5_original,reproduccion_forense,P039,"Crustáceos, moluscos y demás invertebrados acuáticos congelados, preparados o en conserva y sus productos",Otros,5.226548874934668e-07,1.2913045656963705e-06,0.0,3.607545184325154e-06,2.3735915921273387e-06
E5_original,reproduccion_forense,P040,"Vegetales preparados o en conserva, legumbres y papas",Otros,2.4274690442081524e-06,3.372562099013299e-06,0.0,4.616285534874082e-06,2.2756655935102354e-06
E5_original,reproduccion_forense,P041,Preparaciones y conservas de frutas y nueces,Otros,7.467084218423161e-07,1.5464254939080305e-06,0.0,6.422661037410501e-06,4.189728560425554e-06
E5_original,reproduccion_forense,P042,Jugos de frutas,Otros,1.7165996487428928e-06,2.7222373687111278e-06,0.0,7.281401978631134e-06,3.865904028711802e-06
E5_original,reproduccion_forense,P043,Aceites de origen vegetal,Otros,2.389938727575624e-07,1.5845358936213848e-06,0.0,7.681173558243346e-05,3.504093661918355e-05
E5_original,reproduccion_forense,P044,"Margarina, grasas y otros aceites de origen animal y vegetal",Otros,4.700860596809883e-07,1.8224756258902218e-06,0.0,2.311303881467501e-05,1.0395443007595978e-05
E5_original,reproduccion_forense,P045,Leche líquida y crema procesada,Otros,8.848590280262478e-07,2.2615955212047912e-06,0.0,2.5790736306369695e-05,1.0845205253229896e-05
E5_original,reproduccion_forense,P046,Otros productos lácteos n.c.p.,Otros,8.618452544718849e-07,2.1606652126271376e-06,0.0,3.596619429147945e-05,1.6249813649419128e-05
E5_original,reproduccion_forense,P047,Harina de trigo,Otros,1.3746200330265963e-06,2.4812441251676887e-06,0.0,8.797059112355012e-05,7.119942648066134e-05
E5_original,reproduccion_forense,P048,Arroz sin cáscara,Otros,9.584720356502108e-07,1.5665025159350857e-06,0.0,1.729357892542812e-05,1.2762770609425706e-05
E5_original,reproduccion_forense,P049,"Otros productos de molinería, almidones y productos de almidón",Otros,1.8959016742940988e-06,2.7674902729932046e-06,0.0,1.3004432074599257e-05,8.938557387383288e-06
E5_original,reproduccion_forense,P050,Pan y otros productos de panadería y repostería n.c.p.,Otros,2.6683218926596397e-07,1.4548548853775835e-06,0.0,0.00010878679152932635,5.67058766049758e-05
E5_original,reproduccion_forense,P051,"Tortillas de maíz, incluso tostadas, horneadas o fritas",Otros,2.3934178621457715e-08,6.833061152727347e-07,0.0,7.084680540027262e-05,4.5287336278241705e-05
E5_original,reproduccion_forense,P052,"Azúcar de caña sin refinar y refinada, melaza y los demás azúcares n.c.p.",Otros,1.423469129217797e-07,2.5657440895543306e-06,0.0,0.003993673797408429,0.0014451900337781652
E5_original,reproduccion_forense,P053,Productos alimenticios n.c.p.,Otros,2.649397096622835e-06,3.4308907739620998e-06,0.0,0.00016840182579636588,0.00010765309189942078
E5_original,reproduccion_forense,P054,Preparados para alimentación animal,Otros,1.5193320414242217e-07,7.99515828562968e-07,0.0,0.00021201165617343342,0.0001435136095057944
E5_original,reproduccion_forense,P055,"Aguardientes, licores, vinos, demás bebidas espirituosas y productos del tabaco",Otros,3.8612465092299656e-07,1.0636703987148031e-06,0.0,4.5183944685128e-05,1.8961355265460076e-05
E5_original,reproduccion_forense,P056,Malta y cerveza de malta,Otros,2.4206230022329688e-06,3.106397031269557e-06,0.0,2.4676882765186608e-05,1.6225509722834807e-05
E5_original,reproduccion_forense,P057,Bebidas no alcohólicas,Otros,7.777207845180651e-07,2.293060502001915e-06,0.0,7.877484324533891e-05,4.143008726701719e-05
E5_original,reproduccion_forense,P058,Aguas minerales y otras aguas embotelladas,Otros,7.891503283010837e-07,1.746483547987382e-06,0.0,6.052166669784069e-05,4.4958278645522216e-05
E5_original,reproduccion_forense,P059,"Hilados, tejidos, telas y otros productos textiles excepto prendas de vestir",Otros,2.8016618543872763e-07,6.595064208034712e-07,0.0,0.0009258915970256746,0.000617249251766667
E5_original,reproduccion_forense,P060,"Prendas de vestir, adobo y teñido de pieles",Otros,5.726104403200107e-07,1.1960326772029535e-06,0.0,0.001063264888896667,0.0006323688205481681
E5_original,reproduccion_forense,P061,Cuero de piel curtida o adobada y cuero artificial o regenerado y artículos de cuero,Otros,1.2549010005361006e-06,2.2542384574542722e-06,0.0,0.0001458912064565624,8.186838841609182e-05
E5_original,reproduccion_forense,P062,"Calzado y sus partes, de cualquier material y de cualquier uso",Otros,6.395884928918828e-08,8.400343874318064e-07,0.0,2.027303942030258e-06,1.1912791228255026e-06
E5_original,reproduccion_forense,P063,"Madera aserrada y acepillada, productos de madera, corcho, paja y materiales trenzables",Otros,1.3681386033652728e-06,3.1841115965969688e-06,0.0,0.0005720397336878528,0.00027597125503368977
E5_original,reproduccion_forense,P064,Pasta de papel y papel,Otros,2.1580435174536114e-07,1.014985875817284e-06,0.0,0.0007285376565781541,0.0004950605142464929
E5_original,reproduccion_forense,P065,Envases de papel y cartón,Otros,2.618192376593463e-07,8.756331413542125e-07,0.0,0.0013231952769126283,0.0009354722811709172
E5_original,reproduccion_forense,P066,Productos de la edición,Otros,6.245902889075097e-07,1.2235291127580417e-06,0.0,0.0004540844325803504,0.0003145092620558376
E5_original,reproduccion_forense,P067,Productos de la impresión,Otros,7.829789588443801e-07,1.3582917304722321e-06,0.0,0.0014153469101060565,0.0009029130481972517
E5_original,reproduccion_forense,P068,"Gasolinas, diésel oil y fuel oils",Combustibles y refinacion,2.61738782528178e-06,3.086632523146176e-06,0.0,0.0008006222056059456,0.0006902723658214132
E5_original,reproduccion_forense,P069,"Aceites, grasas lubricantes y otros aceites preparados",Combustibles y refinacion,0.0,0.0,0.0,0.0,0.0
E5_original,reproduccion_forense,P070,"Gases de petróleo, otros productos de la refinación de petróleo n.c.p.",Combustibles y refinacion,5.4184272137187574e-06,6.329191295344922e-06,0.0,0.00012044717554276838,9.278634966888974e-05
E5_original,reproduccion_forense,P071,"Abonos, fertilizantes y pesticidas",Industria quimica ampliada,8.254287574634451e-08,5.220207770268556e-07,0.0,0.13947557417179532,0.10010597658410769
E5_original,reproduccion_forense,P072,"Pinturas, barnices, tintas y productos relacionados",Industria quimica ampliada,3.786214727567826e-07,8.455219378172034e-07,0.0,0.0013487758964405726,0.0009909619714391761
E5_original,reproduccion_forense,P073,"Jabón, preparados de limpieza, perfumes y preparados de toilet",Industria quimica ampliada,7.713428059957485e-07,1.1381820536439045e-06,0.0,0.0006044389685300039,0.00047536822050265633
E5_original,reproduccion_forense,P074,Otros productos químicos,Industria quimica ampliada,1.722139269482704e-07,1.5233628510818536e-06,0.0,0.001361986583141568,0.0007782629108477946
E5_original,reproduccion_forense,P075,Productos farmacéuticos,Industria quimica ampliada,7.868595183013043e-08,6.666755881324403e-07,0.0,4.913544672769454e-05,3.460667904630518e-05
E5_original,reproduccion_forense,P076,Productos de caucho y plástico,Industria quimica ampliada,2.3479338705098564e-07,7.042312614144337e-07,0.0,0.012608868251440168,0.00984884762998973
E5_original,reproduccion_forense,P077,Vidrio y productos de vidrio,Otros,3.546903089342064e-07,2.0340700620020195e-06,0.0,0.00022819197154701692,0.00014560923110008454
E5_original,reproduccion_forense,P078,Productos de cerámica y arcilla,Otros,6.539471912363332e-07,2.2456179405577073e-06,0.0,0.0004284831805334716,0.0002533500372333109
E5_original,reproduccion_forense,P079,"Cemento, cal y yeso",Otros,1.270655870374048e-06,2.6708769165323435e-06,0.0,0.0032129360833366,0.0019458257773897886
E5_original,reproduccion_forense,P080,"Artículos de hormigón, cemento y yeso",Otros,1.516279993661936e-06,3.4598143976174937e-06,0.0,0.0008061435438734113,0.0003114830015418303
E5_original,reproduccion_forense,P081,Piedras talladas para construcción y otros productos minerales no metálicos n.c.p.,Otros,1.1096154185160078e-06,2.328454962932883e-06,0.0,0.0003908032760476909,0.00020386219562751548
E5_original,reproduccion_forense,P082,"Métales básicos de hierro y acero, productos primarios de metales preciosos y otros metales no ferrosos",Otros,2.3385747856344056e-07,1.1894877782178886e-06,0.0,0.0019404651287160057,0.0013661259247932812
E5_original,reproduccion_forense,P083,Productos metálicos estructurales y sus partes de hierro o de acero,Otros,3.4766464249011543e-07,6.786533029441043e-07,0.0,0.0010439179637713027,0.0008573131605146793
E5_original,reproduccion_forense,P084,Otros productos elaborados de metal,Otros,9.161378033392592e-07,1.2414287570361312e-06,0.0,0.00621655754527662,0.005012162410421106
E5_original,reproduccion_forense,P085,"Maquinaria para usos generales y especiales, sus partes y piezas, excepto electrodomésticos",Otros,6.03222006788506e-08,4.0795428325991176e-07,0.0,0.001723914908692948,0.0013208719419653893
E5_original,reproduccion_forense,P086,Electrodomésticos y sus partes,Otros,0.0,0.0,0.0,4.434259765928346e-14,4.434259765928346e-14
E5_original,reproduccion_forense,P087,"Maquinaria de oficina, contabilidad e informática, sus partes y piezas",Otros,0.0,0.0,0.0,1.3625403496794601e-14,1.3625403496794601e-14
E5_original,reproduccion_forense,P088,"Maquinaria y aparatos eléctricos, sus partes y piezas",Otros,1.0848459159684776e-07,5.500840758685881e-07,0.0,7.621559650651026e-05,5.0618184948004335e-05
E5_original,reproduccion_forense,P089,"Equipo y aparatos de radio, televisión y comunicaciones",Otros,0.0,0.0,0.0,0.0,0.0
E5_original,reproduccion_forense,P090,"Aparatos médicos, instrumentos ópticos y de precisión, relojes",Otros,0.0,7.718650553932575e-07,0.0,3.9232131322471555e-06,2.523228338620063e-06
E5_original,reproduccion_forense,P091,Equipo de transporte,Otros,1.275625840174231e-06,1.7106357212314027e-06,0.0,0.00029734872196610573,0.00019545472372611895
E5_original,reproduccion_forense,P092,Muebles,Otros,8.674809150730828e-07,2.208809744919591e-06,0.0,1.218404864620692e-05,6.323437953168573e-06
E5_original,reproduccion_forense,P093,Otros artículos n.c.p.,Otros,5.839792088961674e-07,1.0694642724044338e-06,0.0,0.0009541997746327818,0.0006615226378883247
E5_original,reproduccion_forense,P094,Residuos y desechos,Otros,4.3030306693577845e-06,4.614460892701402e-06,0.0,0.0005375538781670415,0.00044718269634213214
E5_original,reproduccion_forense,P095,"Generación y distribución de energía eléctrica, gas, vapor y aire acondicionado",Otros,2.2143988267775013e-07,4.769881139509991e-07,0.0,0.01510463481670465,0.011853166874240609
E5_original,reproduccion_forense,P096,Agua natural y distribución de agua natural,Otros,4.523253357074215e-06,4.9863912255451894e-06,0.0,0.08074828517802868,0.05530328908235139
E5_original,reproduccion_forense,P097,"Evacuación de aguas residuales, recogida, tratamiento y eliminación de desechos",Otros,4.9794402042418735e-06,5.330951220973608e-06,0.0,0.00045168086148870414,0.00036707577857918817
E5_original,reproduccion_forense,P098,Edificaciones residenciales,Otros,2.233181246250183e-08,9.756658805067647e-07,0.0,0.0,0.0
E5_original,reproduccion_forense,P099,Edificaciones no residenciales,Otros,5.390895282203237e-08,1.1302902154393867e-06,0.0,0.0,0.0
E5_original,reproduccion_forense,P100,Obras de ingeniería civil,Otros,2.226901441911143e-06,3.544622006948613e-06,0.0,0.0,0.0
E5_original,reproduccion_forense,P101,Servicios generales y especializados de construcción,Servicios (sin transporte y logistica),1.3847680328574228e-06,2.5475106475582057e-06,0.0,0.023260479222078464,0.012548467864673585
E5_original,reproduccion_forense,P102,Servicios de comercio,Servicios (sin transporte y logistica),6.342697029757262e-07,1.201894690173596e-06,0.0,0.10017674357061011,0.07553850997424515
E5_original,reproduccion_forense,P103,Mantenimiento y reparación de vehículos automotores y motocicletas,Servicios (sin transporte y logistica),1.0238825439148787e-06,1.3676679175258891e-06,0.0,0.04147317250673241,0.033387381235884986
E5_original,reproduccion_forense,P104,Servicio de transporte de pasajeros por vía terrestre,Transporte y logistica,1.8525957687116675e-05,1.8891950681435205e-05,0.0,0.0007185451509932086,0.0005508877431244233
E5_original,reproduccion_forense,P105,Servicio de transporte de carga por vía terrestre,Transporte y logistica,2.008449113909066e-05,2.0588996478810444e-05,0.0,0.054503890977933345,0.03963283588789878
E5_original,reproduccion_forense,P106,Otros tipos de transporte,Transporte y logistica,1.3368076887366836e-06,1.9676934479634655e-06,0.0,0.00020259018185081064,0.000141350644193147
E5_original,reproduccion_forense,P107,Servicios de almacenamiento y depósito,Transporte y logistica,0.0,6.314058341326937e-07,0.0,0.00022997425811322112,0.00014730170466992893
E5_original,reproduccion_forense,P108,Otros servicios de apoyo al transporte,Transporte y logistica,1.5949244200793988e-06,3.049401795828781e-06,0.0,0.003532069830877326,0.0020982463838416336
E5_original,reproduccion_forense,P109,Servicios postales y de mensajería,Transporte y logistica,4.58537573463264e-06,6.216503858266998e-06,0.0,0.0009627784093985377,0.0006031238662917127
E5_original,reproduccion_forense,P110,Servicio de alojamiento,Servicios (sin transporte y logistica),7.265138717607665e-07,1.2223106883045729e-06,0.0,0.005890899521883582,0.0037536852383392647
E5_original,reproduccion_forense,P111,Servicio de suministro de comidas y bebidas,Servicios (sin transporte y logistica),1.0186783002393189e-07,1.0897646003203003e-06,0.0,0.006134226769998411,0.003078258178645156
E5_original,reproduccion_forense,P112,"Servicios de información, telecomunicaciones y radiodifusión",Servicios (sin transporte y logistica),6.063059137644229e-07,8.633324779378869e-07,0.0,0.008690349506175955,0.00661751639454952
E5_original,reproduccion_forense,P113,Servicios de banco central,Servicios (sin transporte y logistica),1.1131216283080339e-07,5.147022485870734e-07,0.0,0.0,0.0
E5_original,reproduccion_forense,P114,Otros servicios financieros y servicios de banca de inversión,Servicios (sin transporte y logistica),1.0006430371516312e-08,6.67921035779738e-07,0.0,0.005232281569272048,0.002499471964304477
E5_original,reproduccion_forense,P115,Servicios de Intermediación Financiera Medidos Indirectamente (SIFMI),Servicios (sin transporte y logistica),2.600428602986448e-09,3.8490526664640065e-07,0.0,0.01695332608694558,0.011770742533758916
E5_original,reproduccion_forense,P116,"Servicios de seguro, reaseguro y fondos de pensiones",Servicios (sin transporte y logistica),2.754622357932943e-08,2.2995503263846726e-07,0.0,0.0033812634900865827,0.0018599215958288924
E5_original,reproduccion_forense,P117,Servicios auxiliares de la intermediación financiera,Servicios (sin transporte y logistica),2.8666361772257758e-08,3.679380454813081e-07,0.0,0.0021865405048637366,0.001327180128838062
E5_original,reproduccion_forense,P118,Servicios de alquiler de vivienda,Servicios (sin transporte y logistica),2.0333669387219857e-15,1.1777080009270658e-07,0.0,0.0,0.0
E5_original,reproduccion_forense,P119,"Otros servicios inmobiliarios, excepto alquiler de vivienda",Servicios (sin transporte y logistica),1.1274015479312502e-07,5.079699484324423e-07,0.0,0.019128348545902216,0.013981143782798636
E5_original,reproduccion_forense,P120,"Servicios jurídicos, de contabilidad, auditoría, teneduría de libros y consultoría fiscal",Servicios (sin transporte y logistica),3.326088276465974e-08,2.2579436203143192e-07,0.0,0.014460504782319899,0.011954185954853976
E5_original,reproduccion_forense,P121,Servicios de tecnología de la información,Servicios (sin transporte y logistica),7.877447402680279e-07,1.1434493465045227e-06,0.0,0.005343744007991908,0.003761580947075384
E5_original,reproduccion_forense,P122,"Servicios de arquitectura e ingeniería, ensayos y análisis técnicos",Servicios (sin transporte y logistica),1.0210317539336257e-06,1.50428240045817e-06,0.0,0.003314236619878436,0.0022311226103778415
E5_original,reproduccion_forense,P123,"Otros servicios profesionales, científicos y técnicos",Servicios (sin transporte y logistica),1.5261563539761285e-07,3.975724414828213e-07,0.0,0.0165730011731446,0.012222766753256974
E5_original,reproduccion_forense,P124,Servicios de publicidad y estudios de mercado,Servicios (sin transporte y logistica),4.1100153723078766e-07,9.161229375567874e-07,0.0,0.00914713840665085,0.005726438022489611
E5_original,reproduccion_forense,P125,Servicios de arrendamiento o alquiler sin operador,Servicios (sin transporte y logistica),1.112154023341998e-06,1.4472389190727812e-06,0.0,0.018761317121924154,0.013876304849476386
E5_original,reproduccion_forense,P126,Servicios  de agencias de empleo y de dotación de recursos humanos,Servicios (sin transporte y logistica),2.510423833555556e-07,3.550751176000812e-07,0.0,0.37019258495458585,0.33605506675074415
E5_original,reproduccion_forense,P127,"Servicios de agencias de viajes, operadores turísticos y actividades conexas",Servicios (sin transporte y logistica),7.69184949823287e-07,1.2113505565026507e-06,0.0,5.563175973950438e-05,3.710261006564475e-05
E5_original,reproduccion_forense,P128,"Servicios de seguridad, sistemas de seguridad e investigación privada",Servicios (sin transporte y logistica),7.599528252720515e-07,9.58289783171912e-07,0.0,0.019382423518461082,0.01654170871201166
E5_original,reproduccion_forense,P129,Servicios de limpieza,Servicios (sin transporte y logistica),2.0537294742319676e-07,4.951033147641269e-07,0.0,0.001339694729798841,0.001006007361202512
E5_original,reproduccion_forense,P130,Servicios telefónicos de centros de llamadas,Servicios (sin transporte y logistica),1.483480831073366e-07,3.2579045159510306e-07,0.0,0.00019083894488282444,0.00015150153666109866
E5_original,reproduccion_forense,P131,"Servicios administrativos, de apoyo de oficina y otros servicios de apoyo a las empresas",Servicios (sin transporte y logistica),1.2356472790103172e-06,1.5351149296132628e-06,0.0,0.005007216772328863,0.003818480450941292
E5_original,reproduccion_forense,P132,"Servicios de mantenimiento, reparación e instalación de productos metálicos elaborados, maquinaria y equipo",Servicios (sin transporte y logistica),8.061951061766224e-07,1.6491888576097228e-06,0.0,0.03701775250685742,0.02243925317974492
E5_original,reproduccion_forense,P133,Servicios de reparación de otros bienes,Servicios (sin transporte y logistica),1.9717023540861382e-07,4.171431991740593e-07,0.0,0.0011268088765467575,0.0009213367952809539
E5_original,reproduccion_forense,P134,"Servicios de apoyo a la agricultura, caza, silvicultura y pesca",Servicios (sin transporte y logistica),1.0006476184589702e-06,1.2355397816859132e-06,0.0,0.19748792638982296,0.18314567412672186
E5_original,reproduccion_forense,P135,"Servicios de apoyo a la explotación de minas y canteras y los relacionados con la distribución de electricidad, gas y agua",Servicios (sin transporte y logistica),4.0434714790021345e-07,9.536182054521068e-07,0.0,1.8578125972149376e-05,1.232614095234405e-05
E5_original,reproduccion_forense,P136,Servicios de manufactura,Servicios (sin transporte y logistica),1.3017659658332202e-06,1.7182336947004706e-06,0.0,0.0017085564138617762,0.0012410099273672595
E5_original,reproduccion_forense,P137,Servicios públicos del gobierno general,Servicios (sin transporte y logistica),2.5321615681910856e-06,3.3386898197352148e-06,0.0,0.0,0.0
E5_original,reproduccion_forense,P138,"Servicios públicos administrativos relacionados con la provisión de servicios educativos, de salud, servicios sociales, culturales y otros, sin contar los servicios de seguridad social",Servicios (sin transporte y logistica),1.1898209683563702e-07,7.298999600981117e-07,0.0,0.0,0.0
E5_original,reproduccion_forense,P139,Otros servicios administrativos,Servicios (sin transporte y logistica),2.1915723456893698e-07,1.1447150882259548e-06,0.0,0.0,0.0
E5_original,reproduccion_forense,P140,Servicios públicos administrativos prestados a la comunidad en su conjunto,Servicios (sin transporte y logistica),3.483154620460528e-07,5.888433496775455e-07,0.0,0.0,0.0
E5_original,reproduccion_forense,P141,Servicios administrativos relacionados con los sistemas de seguridad social de afiliación obligatoria,Servicios (sin transporte y logistica),4.073619399744943e-07,6.020361775214671e-07,0.0,0.0,0.0
E5_original,reproduccion_forense,P142,Servicios de enseñanza,Servicios (sin transporte y logistica),1.475853678495029e-07,3.221367469967834e-07,0.0,5.099746797524792e-06,4.535827048948873e-06
E5_original,reproduccion_forense,P143,Servicios de hospitalización,Servicios (sin transporte y logistica),5.30879161509517e-07,7.876645419820936e-07,0.0,0.0,0.0
E5_original,reproduccion_forense,P144,Servicios médicos y dentales,Servicios (sin transporte y logistica),3.486288579889316e-07,6.643585229534869e-07,0.0,1.8855605958262469e-06,1.4203474546061818e-06
E5_original,reproduccion_forense,P145,Otros servicios de atención de la salud humana,Servicios (sin transporte y logistica),1.4505427568514403e-07,5.822058272347652e-07,0.0,2.039600234827233e-05,1.373790508860914e-05
E5_original,reproduccion_forense,P146,"Servicios audiovisuales, recreativos, culturales y deportivos",Servicios (sin transporte y logistica),9.860115897913627e-07,1.545906718678017e-06,0.0,0.00026357799775295364,0.0001651801446339221
E5_original,reproduccion_forense,P147,Servicios de asociaciones que sirven a las empresas,Servicios (sin transporte y logistica),8.315149844588715e-07,1.1875552945853672e-06,0.0,0.0005149425289907119,0.0003448144034245735
E5_original,reproduccion_forense,P148,Servicios de asociaciones que sirven a los hogares,Servicios (sin transporte y logistica),2.7117152992776546e-07,9.152352400965168e-07,0.0,1.0064203708357956e-23,5.3387342827905546e-24
E5_original,reproduccion_forense,P149,Otros servicios,Servicios (sin transporte y logistica),2.772249591848641e-07,4.32805607530717e-07,0.0,4.2998810853306886e-05,3.799496349378068e-05
E5_original,reproduccion_forense,P150,Servicios domésticos,Servicios (sin transporte y logistica),0.0,0.0,0.0,0.0,0.0
E5_original,reproduccion_forense,P151,Compras directas en el exterior por residentes,Otros,0.0,0.0,0.0,0.0,0.0
E5_original,reproduccion_forense,P152,Compras directas en el territorio nacional por no residentes,Otros,0.0,0.0,0.0,0.0,0.0
E10_misma_metodologia,recalculo_comparable,P001,Maíz,"Agricultura, silvicultura y pesca (sin P010)",2.6828068298043252e-08,3.6438785976805847e-08,0.0,6.173448127134202e-05,4.935103577996758e-05
E10_misma_metodologia,recalculo_comparable,P002,Frijoles,"Agricultura, silvicultura y pesca (sin P010)",2.48426738198027e-09,1.4539937352932778e-08,0.0,3.438758419431428e-05,2.5073120550189204e-05
E10_misma_metodologia,recalculo_comparable,P003,Leguminosas (legumbres secas) y semillas oleaginosas,"Agricultura, silvicultura y pesca (sin P010)",6.874024070508596e-08,9.525691353839458e-08,0.0,1.0027811848267629e-05,6.574005727908325e-06
E10_misma_metodologia,recalculo_comparable,P004,Arroz,"Agricultura, silvicultura y pesca (sin P010)",3.413670346077496e-08,6.435964973887446e-08,0.0,9.509651358122568e-06,6.16713622002441e-06
E10_misma_metodologia,recalculo_comparable,P005,Otros cereales,"Agricultura, silvicultura y pesca (sin P010)",2.127409368630246e-08,3.238148249041661e-08,0.0,2.5624453731066317e-06,2.00756081564195e-06
E10_misma_metodologia,recalculo_comparable,P006,Hortalizas,"Agricultura, silvicultura y pesca (sin P010)",3.8684416512582284e-08,5.508834324871034e-08,0.0,0.0006878309989935185,0.0005616922624236438
E10_misma_metodologia,recalculo_comparable,P007,Sandías y melones,"Agricultura, silvicultura y pesca (sin P010)",2.7475036731113386e-08,4.548782119604382e-08,0.0,5.336156620420701e-06,4.253918516661415e-06
E10_misma_metodologia,recalculo_comparable,P008,Ejotes y arvejas,"Agricultura, silvicultura y pesca (sin P010)",2.6605198740449785e-08,4.163139231195982e-08,0.0,4.048775358656358e-06,3.3715176861122965e-06
E10_misma_metodologia,recalculo_comparable,P009,Raíces y tubérculos,"Agricultura, silvicultura y pesca (sin P010)",3.44363376519329e-08,5.936439126700213e-08,0.0,0.00010096958695700672,7.051746659909901e-05
E10_misma_metodologia,recalculo_comparable,P010,Caña de azúcar y otras plantas azucareras,Cana de azucar,6.792035848223823e-08,1.0967073012496668e-07,3.7544070547715966,3.7581427618332968,1.6920821666251673
E10_misma_metodologia,recalculo_comparable,P011,Tabaco y otras plantas no perennes,"Agricultura, silvicultura y pesca (sin P010)",6.704440527899578e-09,2.2373474372751318e-08,0.0,0.00010240746609766692,7.532533482105847e-05
E10_misma_metodologia,recalculo_comparable,P012,"Bananos, plátanos y otros","Agricultura, silvicultura y pesca (sin P010)",6.290333137469994e-08,1.0556209594215021e-07,0.0,2.0300166623919735e-05,1.3759791026572645e-05
E10_misma_metodologia,recalculo_comparable,P013,Frutas tropicales y subtropicales,"Agricultura, silvicultura y pesca (sin P010)",3.9747431138905125e-08,5.703820437399122e-08,0.0,2.6518076273824373e-05,2.2727514953369745e-05
E10_misma_metodologia,recalculo_comparable,P014,"Berries, otras frutas y semillas de frutas","Agricultura, silvicultura y pesca (sin P010)",4.4388236195125484e-08,5.5682069230428266e-08,0.0,4.4817020118170227e-05,3.536297653555521e-05
E10_misma_metodologia,recalculo_comparable,P015,Palma africana,"Agricultura, silvicultura y pesca (sin P010)",4.744029927909195e-08,9.762539743177724e-08,0.0,7.229621666786114e-05,5.103381231773283e-05
E10_misma_metodologia,recalculo_comparable,P016,Café en grano,"Agricultura, silvicultura y pesca (sin P010)",2.2075326734730425e-09,2.9228388546662537e-08,0.0,2.9873251999550106e-05,1.1365557813382472e-05
E10_misma_metodologia,recalculo_comparable,P017,Cardamomo,"Agricultura, silvicultura y pesca (sin P010)",2.348626373173425e-08,5.802168590610126e-08,0.0,4.955543082655708e-07,2.3925693733554077e-07
E10_misma_metodologia,recalculo_comparable,P018,Caucho natural,"Agricultura, silvicultura y pesca (sin P010)",1.0811086088136126e-07,1.9214095955778505e-07,0.0,0.00019537899398990374,8.439464368163496e-05
E10_misma_metodologia,recalculo_comparable,P019,Propagación de plantas,"Agricultura, silvicultura y pesca (sin P010)",1.1146126173036679e-07,1.6401819935219703e-07,0.0,0.011351806766847711,0.00595955342663487
E10_misma_metodologia,recalculo_comparable,P020,"Otros frutos oleaginosos, otras plantas bebestibles y especias aromáticas","Agricultura, silvicultura y pesca (sin P010)",9.437954196653532e-08,1.1569263491549646e-07,0.0,7.3049550167016345e-06,5.4935182975310225e-06
E10_misma_metodologia,recalculo_comparable,P021,Ganado bovino,"Agricultura, silvicultura y pesca (sin P010)",1.6537203610114897e-08,2.8957088920569314e-08,0.0,0.0003518217935015329,0.00027988614269812336
E10_misma_metodologia,recalculo_comparable,P022,Ganado porcino y otro tipo de animales vivos n.c.p.,"Agricultura, silvicultura y pesca (sin P010)",3.9341146635329584e-08,6.173942417850422e-08,0.0,0.00021282335064949176,8.920011823165568e-05
E10_misma_metodologia,recalculo_comparable,P023,Aves de corral,"Agricultura, silvicultura y pesca (sin P010)",2.1345382835043434e-08,4.73159412550484e-08,0.0,0.0004874921861266552,0.00018648503315150228
E10_misma_metodologia,recalculo_comparable,P024,Leche cruda,"Agricultura, silvicultura y pesca (sin P010)",3.597325846528625e-08,6.523050518681369e-08,0.0,4.407378762878363e-05,1.7930476238596616e-05
E10_misma_metodologia,recalculo_comparable,P025,Huevos,"Agricultura, silvicultura y pesca (sin P010)",2.1562110942772496e-08,3.2770485298196044e-08,0.0,8.675911626227741e-05,5.900839681020085e-05
E10_misma_metodologia,recalculo_comparable,P026,Otros productos de animales vivos,"Agricultura, silvicultura y pesca (sin P010)",0.0,2.7885036510493734e-08,0.0,5.03707115941832e-06,3.272491386320801e-06
E10_misma_metodologia,recalculo_comparable,P027,Troncos de madera y leña,"Agricultura, silvicultura y pesca (sin P010)",7.893159291433878e-08,1.1808307682894986e-07,0.0,0.00046062428840518957,0.0004047749970924219
E10_misma_metodologia,recalculo_comparable,P028,Productos forestales no madereros,"Agricultura, silvicultura y pesca (sin P010)",6.73996007475692e-08,1.2020838298375497e-07,0.0,4.129503177152983e-05,3.135731369865364e-05
E10_misma_metodologia,recalculo_comparable,P029,"Peces vivos, frescos o refrigerados","Agricultura, silvicultura y pesca (sin P010)",4.289051677210712e-07,4.391109600331262e-07,0.0,4.1770914878749235e-06,3.4738423876847603e-06
E10_misma_metodologia,recalculo_comparable,P030,Crustáceos sin congelar y otros productos de la pesca,"Agricultura, silvicultura y pesca (sin P010)",5.948712564787943e-08,8.129933853497398e-08,0.0,0.00010818940525395842,5.7362613720629354e-05
E10_misma_metodologia,recalculo_comparable,P031,Petróleo crudo y gas natural,Otros,1.937419743103668e-07,2.2510813517446242e-07,0.0,0.00013256807277565183,9.922311485711539e-05
E10_misma_metodologia,recalculo_comparable,P032,Minerales metálicos,Otros,5.1854955782570265e-08,6.636215241527421e-08,0.0,8.438317220649945e-25,6.350696381170536e-25
E10_misma_metodologia,recalculo_comparable,P033,Minerales no metálicos,Otros,1.9735440075532731e-07,2.1803475764553908e-07,0.0,0.005084534450508998,0.0037029612257758206
E10_misma_metodologia,recalculo_comparable,P034,Carne y despojos comestibles de ganado bovino; cueros y pieles de bovino y de otros animales,Otros,4.199152103661164e-08,8.984159462003675e-08,0.0,0.0005715425231366866,0.00014214590625371583
E10_misma_metodologia,recalculo_comparable,P035,Carne y despojos comestibles de ganado porcino,Otros,1.8977730293291567e-08,7.436342765246771e-08,0.0,0.0002444832785324385,6.084126830592149e-05
E10_misma_metodologia,recalculo_comparable,P036,Carne y despojos comestibles de aves,Otros,3.2423525607034656e-08,8.183232415265758e-08,0.0,0.0006678947785993734,0.0001790229447053361
E10_misma_metodologia,recalculo_comparable,P037,Carne y despojos de otros animales y conservas y preparados de carne,Otros,4.1746272209501406e-08,7.823287290088711e-08,0.0,0.00037589873367824256,0.00017713526972150704
E10_misma_metodologia,recalculo_comparable,P038,"Pescado congelado, preparado o en conserva y sus productos",Otros,4.783088097538374e-09,2.99265281807372e-08,0.0,4.3732022700752714e-07,3.7353206019701435e-07
E10_misma_metodologia,recalculo_comparable,P039,"Crustáceos, moluscos y demás invertebrados acuáticos congelados, preparados o en conserva y sus productos",Otros,1.953850046704868e-08,4.827306787650771e-08,0.0,7.215090368650308e-06,4.7471831842546774e-06
E10_misma_metodologia,recalculo_comparable,P040,"Vegetales preparados o en conserva, legumbres y papas",Otros,9.074650632555323e-08,1.2607708781360188e-07,0.0,9.232571069748163e-06,4.551331187020471e-06
E10_misma_metodologia,recalculo_comparable,P041,Preparaciones y conservas de frutas y nueces,Otros,2.7914333526820117e-08,5.781029883769284e-08,0.0,1.2845322074821003e-05,8.379457120851107e-06
E10_misma_metodologia,recalculo_comparable,P042,Jugos de frutas,Otros,6.417194948572611e-08,1.017658829424887e-07,0.0,1.4562803957262268e-05,7.731808057423604e-06
E10_misma_metodologia,recalculo_comparable,P043,Aceites de origen vegetal,Otros,8.934350383461736e-09,5.923498667744464e-08,0.0,0.00015362347116486692,7.00818732383671e-05
E10_misma_metodologia,recalculo_comparable,P044,"Margarina, grasas y otros aceites de origen animal y vegetal",Otros,1.7573310642282807e-08,6.812992993983252e-08,0.0,4.622607762935002e-05,2.0790886015191956e-05
E10_misma_metodologia,recalculo_comparable,P045,Leche líquida y crema procesada,Otros,3.307884216921093e-08,8.454562696094059e-08,0.0,5.158147261273939e-05,2.1690410506459792e-05
E10_misma_metodologia,recalculo_comparable,P046,Otros productos lácteos n.c.p.,Otros,3.221851418587012e-08,8.077253131317726e-08,0.0,7.19323885829589e-05,3.2499627298838255e-05
E10_misma_metodologia,recalculo_comparable,P047,Harina de trigo,Otros,5.138766478604938e-08,9.275678972591007e-08,0.0,0.00017594118224710024,0.00014239885296132268
E10_misma_metodologia,recalculo_comparable,P048,Arroz sin cáscara,Otros,3.583073030468663e-08,5.8560841717209024e-08,0.0,3.458715785085624e-05,2.5525541218851413e-05
E10_misma_metodologia,recalculo_comparable,P049,"Otros productos de molinería, almidones y productos de almidón",Otros,7.087482894558537e-08,1.0345758029882827e-07,0.0,2.6008864149198514e-05,1.7877114774766577e-05
E10_misma_metodologia,recalculo_comparable,P050,Pan y otros productos de panadería y repostería n.c.p.,Otros,9.975035112747948e-09,5.438709851879706e-08,0.0,0.0002175735830586527,0.0001134117532099516
E10_misma_metodologia,recalculo_comparable,P051,"Tortillas de maíz, incluso tostadas, horneadas o fritas",Otros,8.947356494004346e-10,2.5544153841975574e-08,0.0,0.00014169361080054523,9.057467255648341e-05
E10_misma_metodologia,recalculo_comparable,P052,"Azúcar de caña sin refinar y refinada, melaza y los demás azúcares n.c.p.",Otros,5.321379922310392e-09,9.591566689924296e-08,0.0,0.007987347594816858,0.0028903800675563304
E10_misma_metodologia,recalculo_comparable,P053,Productos alimenticios n.c.p.,Otros,9.904288211675767e-08,1.2825759902664153e-07,0.0,0.00033680365159273175,0.00021530618379884156
E10_misma_metodologia,recalculo_comparable,P054,Preparados para alimentación animal,Otros,5.6797459492503555e-09,2.988844218927472e-08,0.0,0.00042402331234686684,0.0002870272190115888
E10_misma_metodologia,recalculo_comparable,P055,"Aguardientes, licores, vinos, demás bebidas espirituosas y productos del tabaco",Otros,1.443456638964709e-08,3.976337939121409e-08,0.0,9.0367889370256e-05,3.792271053092015e-05
E10_misma_metodologia,recalculo_comparable,P056,Malta y cerveza de malta,Otros,9.049057952274259e-08,1.1612699182317998e-07,0.0,4.9353765530373216e-05,3.2451019445669614e-05
E10_misma_metodologia,recalculo_comparable,P057,Bebidas no alcohólicas,Otros,2.907367418759597e-08,8.572188792531923e-08,0.0,0.00015754968649067783,8.286017453403438e-05
E10_misma_metodologia,recalculo_comparable,P058,Aguas minerales y otras aguas embotelladas,Otros,2.950094685238178e-08,6.52891045976698e-08,0.0,0.00012104333339568138,8.991655729104443e-05
E10_misma_metodologia,recalculo_comparable,P059,"Hilados, tejidos, telas y otros productos textiles excepto prendas de vestir",Otros,1.04735022593934e-08,2.4654445637516975e-08,0.0,0.0018517831940513493,0.001234498503533334
E10_misma_metodologia,recalculo_comparable,P060,"Prendas de vestir, adobo y teñido de pieles",Otros,2.1405997768975862e-08,4.4711501951519563e-08,0.0,0.002126529777793334,0.0012647376410963361
E10_misma_metodologia,recalculo_comparable,P061,Cuero de piel curtida o adobada y cuero artificial o regenerado y artículos de cuero,Otros,4.691218693593666e-08,8.427059654036037e-08,0.0,0.0002917824129131248,0.00016373677683218364
E10_misma_metodologia,recalculo_comparable,P062,"Calzado y sus partes, de cualquier material y de cualquier uso",Otros,2.3909850201569616e-09,3.140315467035302e-08,0.0,4.054607884060516e-06,2.3825582456510053e-06
E10_misma_metodologia,recalculo_comparable,P063,"Madera aserrada y acepillada, productos de madera, corcho, paja y materiales trenzables",Otros,5.1145368350112013e-08,1.1903220921859772e-07,0.0,0.0011440794673757055,0.0005519425100673795
E10_misma_metodologia,recalculo_comparable,P064,Pasta de papel y papel,Otros,8.067452401697063e-09,3.794339722682056e-08,0.0,0.0014570753131563081,0.0009901210284929858
E10_misma_metodologia,recalculo_comparable,P065,Envases de papel y cartón,Otros,9.787635052687444e-09,3.2733949209508624e-08,0.0,0.0026463905538252567,0.0018709445623418344
E10_misma_metodologia,recalculo_comparable,P066,Productos de la edición,Otros,2.3349169678789225e-08,4.573940608442024e-08,0.0,0.0009081688651607008,0.0006290185241116752
E10_misma_metodologia,recalculo_comparable,P067,Productos de la impresión,Otros,2.9270241452131143e-08,5.0777260952241284e-08,0.0,0.002830693820212113,0.0018058260963945034
E10_misma_metodologia,recalculo_comparable,P068,"Gasolinas, diésel oil y fuel oils",Combustibles y refinacion,9.784627384232552e-08,1.1538813170641796e-07,0.0,0.0016012444112118913,0.0013805447316428264
E10_misma_metodologia,recalculo_comparable,P069,"Aceites, grasas lubricantes y otros aceites preparados",Combustibles y refinacion,0.0,0.0,0.0,0.0,0.0
E10_misma_metodologia,recalculo_comparable,P070,"Gases de petróleo, otros productos de la refinación de petróleo n.c.p.",Combustibles y refinacion,2.0255802668110813e-07,2.3660528206900768e-07,0.0,0.00024089435108553677,0.00018557269933777948
E10_misma_metodologia,recalculo_comparable,P071,"Abonos, fertilizantes y pesticidas",Industria quimica ampliada,3.0857149811722617e-09,1.9514795402876296e-08,0.0,0.27895114834359064,0.20021195316821538
E10_misma_metodologia,recalculo_comparable,P072,"Pinturas, barnices, tintas y productos relacionados",Industria quimica ampliada,1.415407374791942e-08,3.160829674083518e-08,0.0,0.002697551792881145,0.0019819239428783522
E10_misma_metodologia,recalculo_comparable,P073,"Jabón, preparados de limpieza, perfumes y preparados de toilet",Industria quimica ampliada,2.883524508395793e-08,4.254886181847066e-08,0.0,0.0012088779370600078,0.0009507364410053127
E10_misma_metodologia,recalculo_comparable,P074,Otros productos químicos,Industria quimica ampliada,6.437903811151348e-09,5.694814396568609e-08,0.0,0.002723973166283136,0.0015565258216955892
E10_misma_metodologia,recalculo_comparable,P075,Productos farmacéuticos,Industria quimica ampliada,2.941530909538067e-09,2.4922451892805573e-08,0.0,9.827089345538908e-05,6.921335809261036e-05
E10_misma_metodologia,recalculo_comparable,P076,Productos de caucho y plástico,Industria quimica ampliada,8.777322880412113e-09,2.6326402295870984e-08,0.0,0.025217736502880336,0.01969769525997946
E10_misma_metodologia,recalculo_comparable,P077,Vidrio y productos de vidrio,Otros,1.325945080128091e-08,7.604000231784492e-08,0.0,0.00045638394309403384,0.0002912184622001691
E10_misma_metodologia,recalculo_comparable,P078,Productos de cerámica y arcilla,Otros,2.4446623971455704e-08,8.394833422647006e-08,0.0,0.0008569663610669432,0.0005067000744666218
E10_misma_metodologia,recalculo_comparable,P079,"Cemento, cal y yeso",Otros,4.750115403268246e-08,9.984586603860862e-08,0.0,0.0064258721666732,0.003891651554779577
E10_misma_metodologia,recalculo_comparable,P080,"Artículos de hormigón, cemento y yeso",Otros,5.66833642490536e-08,1.2933885598572183e-07,0.0,0.0016122870877468226,0.0006229660030836606
E10_misma_metodologia,recalculo_comparable,P081,Piedras talladas para construcción y otros productos minerales no metálicos n.c.p.,Otros,4.1480950224904264e-08,8.704504534329958e-08,0.0,0.0007816065520953818,0.00040772439125503097
E10_misma_metodologia,recalculo_comparable,P082,"Métales básicos de hierro y acero, productos primarios de metales preciosos y otros metales no ferrosos",Otros,8.742335647232853e-09,4.446683283058254e-08,0.0,0.0038809302574320114,0.0027322518495865623
E10_misma_metodologia,recalculo_comparable,P083,Productos metálicos estructurales y sus partes de hierro o de acero,Otros,1.2996809065053168e-08,2.537021693249403e-08,0.0,0.0020878359275426053,0.0017146263210293586
E10_misma_metodologia,recalculo_comparable,P084,Otros productos elaborados de metal,Otros,3.424814218091248e-08,4.640855166490968e-08,0.0,0.01243311509055324,0.010024324820842211
E10_misma_metodologia,recalculo_comparable,P085,"Maquinaria para usos generales y especiales, sus partes y piezas, excepto electrodomésticos",Otros,2.255035539396653e-09,1.5250627411587982e-08,0.0,0.003447829817385896,0.0026417438839307786
E10_misma_metodologia,recalculo_comparable,P086,Electrodomésticos y sus partes,Otros,0.0,0.0,0.0,8.868519531856692e-14,8.868519531856692e-14
E10_misma_metodologia,recalculo_comparable,P087,"Maquinaria de oficina, contabilidad e informática, sus partes y piezas",Otros,0.0,0.0,0.0,2.7250806993589202e-14,2.7250806993589202e-14
E10_misma_metodologia,recalculo_comparable,P088,"Maquinaria y aparatos eléctricos, sus partes y piezas",Otros,4.055498751284691e-09,2.056389068667955e-08,0.0,0.00015243119301302052,0.00010123636989600867
E10_misma_metodologia,recalculo_comparable,P089,"Equipo y aparatos de radio, televisión y comunicaciones",Otros,0.0,0.0,0.0,0.0,0.0
E10_misma_metodologia,recalculo_comparable,P090,"Aparatos médicos, instrumentos ópticos y de precisión, relojes",Otros,0.0,2.8854768425920887e-08,0.0,7.846426264494311e-06,5.046456677240126e-06
E10_misma_metodologia,recalculo_comparable,P091,Equipo de transporte,Otros,4.768694729624072e-08,6.394899892454888e-08,0.0,0.0005946974439322115,0.0003909094474522379
E10_misma_metodologia,recalculo_comparable,P092,Muebles,Otros,3.2429193086849515e-08,8.25723269128954e-08,0.0,2.436809729241384e-05,1.2646875906337147e-05
E10_misma_metodologia,recalculo_comparable,P093,Otros artículos n.c.p.,Otros,2.1830998463411697e-08,3.997997280017229e-08,0.0,0.0019083995492655637,0.0013230452757766495
E10_misma_metodologia,recalculo_comparable,P094,Residuos y desechos,Otros,1.6086095960218644e-07,1.7250321094213668e-07,0.0,0.001075107756334083,0.0008943653926842643
E10_misma_metodologia,recalculo_comparable,P095,"Generación y distribución de energía eléctrica, gas, vapor y aire acondicionado",Otros,8.278126455244348e-09,1.783133136265709e-08,0.0,0.0302092696334093,0.023706333748481218
E10_misma_metodologia,recalculo_comparable,P096,Agua natural y distribución de agua natural,Otros,1.6909358344205436e-07,1.8640714861854223e-07,0.0,0.16149657035605736,0.11060657816470278
E10_misma_metodologia,recalculo_comparable,P097,"Evacuación de aguas residuales, recogida, tratamiento y eliminación de desechos",Otros,1.8614729735486683e-07,1.9928789611119562e-07,0.0,0.0009033617229774083,0.0007341515571583763
E10_misma_metodologia,recalculo_comparable,P098,Edificaciones residenciales,Otros,8.348341107478685e-10,3.6473490860071937e-08,0.0,0.0,0.0
E10_misma_metodologia,recalculo_comparable,P099,Edificaciones no residenciales,Otros,2.015287955964156e-09,4.22538398295167e-08,0.0,0.0,0.0
E10_misma_metodologia,recalculo_comparable,P100,Obras de ingeniería civil,Otros,8.324865203407503e-08,1.3250923390464269e-07,0.0,0.0,0.0
E10_misma_metodologia,recalculo_comparable,P101,Servicios generales y especializados de construcción,Servicios (sin transporte y logistica),5.17670292657065e-08,9.523404289938773e-08,0.0,0.04652095844415693,0.02509693572934717
E10_misma_metodologia,recalculo_comparable,P102,Servicios de comercio,Servicios (sin transporte y logistica),2.371101693367588e-08,4.493064262331934e-08,0.0,0.20035348714122023,0.1510770199484903
E10_misma_metodologia,recalculo_comparable,P103,Mantenimiento y reparación de vehículos automotores y motocicletas,Servicios (sin transporte y logistica),3.827598295009518e-08,5.11277726177986e-08,0.0,0.08294634501346482,0.06677476247176997
E10_misma_metodologia,recalculo_comparable,P104,Servicio de transporte de pasajeros por vía terrestre,Transporte y logistica,6.925591658736338e-07,7.062411469696559e-07,0.0,0.0014370903019864172,0.0011017754862488467
E10_misma_metodologia,recalculo_comparable,P105,Servicio de transporte de carga por vía terrestre,Transporte y logistica,7.508220986577175e-07,7.696821113575255e-07,0.0,0.10900778195586669,0.07926567177579756
E10_misma_metodologia,recalculo_comparable,P106,Otros tipos de transporte,Transporte y logistica,4.997411920511783e-08,7.355863356873967e-08,0.0,0.0004051803637016213,0.000282701288386294
E10_misma_metodologia,recalculo_comparable,P107,Servicios de almacenamiento y depósito,Transporte y logistica,0.0,2.3603956416179325e-08,0.0,0.00045994851622644224,0.00029460340933985785
E10_misma_metodologia,recalculo_comparable,P108,Otros servicios de apoyo al transporte,Transporte y logistica,5.962334280671624e-08,1.139963288160478e-07,0.0,0.007064139661754652,0.004196492767683267
E10_misma_metodologia,recalculo_comparable,P109,Servicios postales y de mensajería,Transporte y logistica,1.7141591531339773e-07,2.323926675988042e-07,0.0,0.0019255568187970754,0.0012062477325834255
E10_misma_metodologia,recalculo_comparable,P110,Servicio de alojamiento,Servicios (sin transporte y logistica),2.715939707517328e-08,4.569385750672047e-08,0.0,0.011781799043767164,0.007507370476678529
E10_misma_metodologia,recalculo_comparable,P111,Servicio de suministro de comidas y bebidas,Servicios (sin transporte y logistica),3.8081431784653655e-09,4.073886356338236e-08,0.0,0.012268453539996822,0.006156516357290312
E10_misma_metodologia,recalculo_comparable,P112,"Servicios de información, telecomunicaciones y radiodifusión",Servicios (sin transporte y logistica),2.2665641636056896e-08,3.2274111324786096e-08,0.0,0.01738069901235191,0.01323503278909904
E10_misma_metodologia,recalculo_comparable,P113,Servicios de banco central,Servicios (sin transporte y logistica),4.16120234881576e-09,1.924120555466009e-08,0.0,0.0,0.0
E10_misma_metodologia,recalculo_comparable,P114,Otros servicios financieros y servicios de banca de inversión,Servicios (sin transporte y logistica),3.7407216342123167e-10,2.4969010683358772e-08,0.0,0.010464563138544096,0.004998943928608954
E10_misma_metodologia,recalculo_comparable,P115,Servicios de Intermediación Financiera Medidos Indirectamente (SIFMI),Servicios (sin transporte y logistica),9.721228422380834e-11,1.4388981930708915e-08,0.0,0.03390665217389116,0.023541485067517832
E10_misma_metodologia,recalculo_comparable,P116,"Servicios de seguro, reaseguro y fondos de pensiones",Servicios (sin transporte y logistica),1.0297653674517358e-09,8.596449818261864e-09,0.0,0.006762526980173165,0.0037198431916577847
E10_misma_metodologia,recalculo_comparable,P117,Servicios auxiliares de la intermediación financiera,Servicios (sin transporte y logistica),1.0716396924210258e-09,1.3754693289023113e-08,0.0,0.004373081009727473,0.002654360257676124
E10_misma_metodologia,recalculo_comparable,P118,Servicios de alquiler de vivienda,Servicios (sin transporte y logistica),7.601371733541376e-17,4.402646732438349e-09,0.0,0.0,0.0
E10_misma_metodologia,recalculo_comparable,P119,"Otros servicios inmobiliarios, excepto alquiler de vivienda",Servicios (sin transporte y logistica),4.214585225911905e-09,1.8989530782524313e-08,0.0,0.03825669709180443,0.027962287565597273
E10_misma_metodologia,recalculo_comparable,P120,"Servicios jurídicos, de contabilidad, auditoría, teneduría de libros y consultoría fiscal",Servicios (sin transporte y logistica),1.2433974865295392e-09,8.440910730148368e-09,0.0,0.028921009564639798,0.023908371909707953
E10_misma_metodologia,recalculo_comparable,P121,Servicios de tecnología de la información,Servicios (sin transporte y logistica),2.9448401505351647e-08,4.274576996279288e-08,0.0,0.010687488015983815,0.007523161894150768
E10_misma_metodologia,recalculo_comparable,P122,"Servicios de arquitectura e ingeniería, ensayos y análisis técnicos",Servicios (sin transporte y logistica),3.8169411362010934e-08,5.623485609190339e-08,0.0,0.006628473239756872,0.004462245220755683
E10_misma_metodologia,recalculo_comparable,P123,"Otros servicios profesionales, científicos y técnicos",Servicios (sin transporte y logistica),5.705257398042535e-09,1.4862521176930327e-08,0.0,0.0331460023462892,0.024445533506513947
E10_misma_metodologia,recalculo_comparable,P124,Servicios de publicidad y estudios de mercado,Servicios (sin transporte y logistica),1.5364543447882424e-08,3.424758645072662e-08,0.0,0.0182942768133017,0.011452876044979222
E10_misma_metodologia,recalculo_comparable,P125,Servicios de arrendamiento o alquiler sin operador,Servicios (sin transporte y logistica),4.157585133989457e-08,5.410238949805675e-08,0.0,0.03752263424384831,0.02775260969895277
E10_misma_metodologia,recalculo_comparable,P126,Servicios  de agencias de empleo y de dotación de recursos humanos,Servicios (sin transporte y logistica),9.384761994601744e-09,1.3273836171967824e-08,0.0,0.7403851699091717,0.6721101335014883
E10_misma_metodologia,recalculo_comparable,P127,"Servicios de agencias de viajes, operadores turísticos y actividades conexas",Servicios (sin transporte y logistica),2.8754577563492065e-08,4.528413295337752e-08,0.0,0.00011126351947900875,7.42052201312895e-05
E10_misma_metodologia,recalculo_comparable,P128,"Servicios de seguridad, sistemas de seguridad e investigación privada",Servicios (sin transporte y logistica),2.840945141204395e-08,3.5823917127927797e-08,0.0,0.038764847036922165,0.03308341742402332
E10_misma_metodologia,recalculo_comparable,P129,Servicios de limpieza,Servicios (sin transporte y logistica),7.677493361616087e-09,1.8508535131372267e-08,0.0,0.002679389459597682,0.002012014722405024
E10_misma_metodologia,recalculo_comparable,P130,Servicios telefónicos de centros de llamadas,Servicios (sin transporte y logistica),5.545722732985452e-09,1.2179082302622668e-08,0.0,0.0003816778897656489,0.0003030030733221973
E10_misma_metodologia,recalculo_comparable,P131,"Servicios administrativos, de apoyo de oficina y otros servicios de apoyo a las empresas",Servicios (sin transporte y logistica),4.619242164525305e-08,5.738747400424349e-08,0.0,0.010014433544657727,0.007636960901882584
E10_misma_metodologia,recalculo_comparable,P132,"Servicios de mantenimiento, reparación e instalación de productos metálicos elaborados, maquinaria y equipo",Servicios (sin transporte y logistica),3.013813481034595e-08,6.165191991065394e-08,0.0,0.07403550501371484,0.04487850635948984
E10_misma_metodologia,recalculo_comparable,P133,Servicios de reparación de otros bienes,Servicios (sin transporte y logistica),7.370849921818544e-09,1.559413828688327e-08,0.0,0.002253617753093515,0.0018426735905619077
E10_misma_metodologia,recalculo_comparable,P134,"Servicios de apoyo a la agricultura, caza, silvicultura y pesca",Servicios (sin transporte y logistica),3.740738760594893e-08,4.618840305368656e-08,0.0,0.3949758527796459,0.3662913482534437
E10_misma_metodologia,recalculo_comparable,P135,"Servicios de apoyo a la explotación de minas y canteras y los relacionados con la distribución de electricidad, gas y agua",Servicios (sin transporte y logistica),1.5115781229916993e-08,3.56492787084958e-08,0.0,3.715625194429875e-05,2.46522819046881e-05
E10_misma_metodologia,recalculo_comparable,P136,Servicios de manufactura,Servicios (sin transporte y logistica),4.866414825545544e-08,6.423303531591594e-08,0.0,0.0034171128277235524,0.002482019854734519
E10_misma_metodologia,recalculo_comparable,P137,Servicios públicos del gobierno general,Servicios (sin transporte y logistica),9.466024553986913e-08,1.2481083438264523e-07,0.0,0.0,0.0
E10_misma_metodologia,recalculo_comparable,P138,"Servicios públicos administrativos relacionados con la provisión de servicios educativos, de salud, servicios sociales, culturales y otros, sin contar los servicios de seguridad social",Servicios (sin transporte y logistica),4.4479288536694005e-09,2.72859798167563e-08,0.0,0.0,0.0
E10_misma_metodologia,recalculo_comparable,P139,Otros servicios administrativos,Servicios (sin transporte y logistica),8.192793815662534e-09,4.2793087410323045e-08,0.0,0.0,0.0
E10_misma_metodologia,recalculo_comparable,P140,Servicios públicos administrativos prestados a la comunidad en su conjunto,Servicios (sin transporte y logistica),1.3021138768078868e-08,2.201283550196792e-08,0.0,0.0,0.0
E10_misma_metodologia,recalculo_comparable,P141,Servicios administrativos relacionados con los sistemas de seguridad social de afiliación obligatoria,Servicios (sin transporte y logistica),1.5228483737366762e-08,2.250602532790899e-08,0.0,0.0,0.0
E10_misma_metodologia,recalculo_comparable,P142,Servicios de enseñanza,Servicios (sin transporte y logistica),5.517210013066431e-09,1.2042495214834992e-08,0.0,1.0199493595049584e-05,9.071654097897746e-06
E10_misma_metodologia,recalculo_comparable,P143,Servicios de hospitalización,Servicios (sin transporte y logistica),1.9845949962975838e-08,2.9445403438587753e-08,0.0,0.0,0.0
E10_misma_metodologia,recalculo_comparable,P144,Servicios médicos y dentales,Servicios (sin transporte y logistica),1.3032854504261256e-08,2.4835832633779268e-08,0.0,3.7711211916524937e-06,2.8406949092123637e-06
E10_misma_metodologia,recalculo_comparable,P145,Otros servicios de atención de la salud humana,Servicios (sin transporte y logistica),5.422589745239915e-09,2.176470382186394e-08,0.0,4.079200469654466e-05,2.747581017721828e-05
E10_misma_metodologia,recalculo_comparable,P146,"Servicios audiovisuales, recreativos, culturales y deportivos",Servicios (sin transporte y logistica),3.6860246347346685e-08,5.7790905371150254e-08,0.0,0.0005271559955059073,0.0003303602892678442
E10_misma_metodologia,recalculo_comparable,P147,Servicios de asociaciones que sirven a las empresas,Servicios (sin transporte y logistica),3.1084672316224575e-08,4.439459045179669e-08,0.0,0.0010298850579814238,0.000689628806849147
E10_misma_metodologia,recalculo_comparable,P148,Servicios de asociaciones que sirven a los hogares,Servicios (sin transporte y logistica),1.0137253455245226e-08,3.4214401498940804e-08,0.0,2.0128407416715912e-23,1.0677468565581109e-23
E10_misma_metodologia,recalculo_comparable,P149,Otros servicios,Servicios (sin transporte y logistica),1.036354987607138e-08,1.6179648879655614e-08,0.0,8.599762170661377e-05,7.598992698756136e-05
E10_misma_metodologia,recalculo_comparable,P150,Servicios domésticos,Servicios (sin transporte y logistica),0.0,0.0,0.0,0.0,0.0
E10_misma_metodologia,recalculo_comparable,P151,Compras directas en el exterior por residentes,Otros,0.0,0.0,0.0,0.0,0.0
E10_misma_metodologia,recalculo_comparable,P152,Compras directas en el territorio nacional por no residentes,Otros,0.0,0.0,0.0,0.0,0.0
E10_penalizacion_lhv,sensibilidad_fisica_separada,P001,Maíz,"Agricultura, silvicultura y pesca (sin P010)",2.51621597879417e-07,3.417609292778906e-07,0.0,6.173448127134202e-05,4.935103577996758e-05
E10_penalizacion_lhv,sensibilidad_fisica_separada,P002,Frijoles,"Agricultura, silvicultura y pesca (sin P010)",2.3300049830989286e-08,1.3637069315491525e-07,0.0,3.438758419431428e-05,2.5073120550189204e-05
E10_penalizacion_lhv,sensibilidad_fisica_separada,P003,Leguminosas (legumbres secas) y semillas oleaginosas,"Agricultura, silvicultura y pesca (sin P010)",6.447176521498206e-07,8.934186586717664e-07,0.0,1.0027811848267629e-05,6.574005727908325e-06
E10_penalizacion_lhv,sensibilidad_fisica_separada,P004,Arroz,"Agricultura, silvicultura y pesca (sin P010)",3.201695990822609e-07,6.036319024667292e-07,0.0,9.509651358122568e-06,6.16713622002441e-06
E10_penalizacion_lhv,sensibilidad_fisica_separada,P005,Otros cereales,"Agricultura, silvicultura y pesca (sin P010)",1.9953063289220392e-07,3.0370730666945813e-07,0.0,2.5624453731066317e-06,2.00756081564195e-06
E10_penalizacion_lhv,sensibilidad_fisica_separada,P006,Hortalizas,"Agricultura, silvicultura y pesca (sin P010)",3.628227939407331e-07,5.166759230958609e-07,0.0,0.0006878309989935185,0.0005616922624236438
E10_penalizacion_lhv,sensibilidad_fisica_separada,P007,Sandías y melones,"Agricultura, silvicultura y pesca (sin P010)",2.5768954243279075e-07,4.266322169098017e-07,0.0,5.336156620420701e-06,4.253918516661415e-06
E10_penalizacion_lhv,sensibilidad_fisica_separada,P008,Ejotes y arvejas,"Agricultura, silvicultura y pesca (sin P010)",2.495312947842651e-07,3.904626057718905e-07,0.0,4.048775358656358e-06,3.3715176861122965e-06
E10_penalizacion_lhv,sensibilidad_fisica_separada,P009,Raíces y tubérculos,"Agricultura, silvicultura y pesca (sin P010)",3.229798809527587e-07,5.567811600073894e-07,0.0,0.00010096958695700672,7.051746659909901e-05
E10_penalizacion_lhv,sensibilidad_fisica_separada,P010,Caña de azúcar y otras plantas azucareras,Cana de azucar,6.370279417802922e-07,1.0286064597747855e-06,3.7544070547715966,3.7581427618332968,1.6920821666251673
E10_penalizacion_lhv,sensibilidad_fisica_separada,P011,Tabaco y otras plantas no perennes,"Agricultura, silvicultura y pesca (sin P010)",6.288123392919262e-08,2.09841771283864e-07,0.0,0.00010240746609766692,7.532533482105847e-05
E10_penalizacion_lhv,sensibilidad_fisica_separada,P012,"Bananos, plátanos y otros","Agricultura, silvicultura y pesca (sin P010)",5.899730303577203e-07,9.900714043732132e-07,0.0,2.0300166623919735e-05,1.3759791026572645e-05
E10_penalizacion_lhv,sensibilidad_fisica_separada,P013,Frutas tropicales y subtropicales,"Agricultura, silvicultura y pesca (sin P010)",3.727928535019745e-07,5.349637538310283e-07,0.0,2.6518076273824373e-05,2.2727514953369745e-05
E10_penalizacion_lhv,sensibilidad_fisica_separada,P014,"Berries, otras frutas y semillas de frutas","Agricultura, silvicultura y pesca (sin P010)",4.1631916224400996e-07,5.222445044250383e-07,0.0,4.4817020118170227e-05,3.536297653555521e-05
E10_penalizacion_lhv,sensibilidad_fisica_separada,P015,Palma africana,"Agricultura, silvicultura y pesca (sin P010)",4.449445922035884e-07,9.156327702203064e-07,0.0,7.229621666786114e-05,5.103381231773283e-05
E10_penalizacion_lhv,sensibilidad_fisica_separada,P016,Café en grano,"Agricultura, silvicultura y pesca (sin P010)",2.0704543185870073e-08,2.741343039628421e-07,0.0,2.9873251999550106e-05,1.1365557813382472e-05
E10_penalizacion_lhv,sensibilidad_fisica_separada,P017,Cardamomo,"Agricultura, silvicultura y pesca (sin P010)",2.202786701876483e-07,5.44187869106315e-07,0.0,4.955543082655708e-07,2.3925693733554077e-07
E10_penalizacion_lhv,sensibilidad_fisica_separada,P018,Caucho natural,"Agricultura, silvicultura y pesca (sin P010)",1.0139763795469232e-06,1.8020982623464012e-06,0.0,0.00019537899398990374,8.439464368163496e-05
E10_penalizacion_lhv,sensibilidad_fisica_separada,P019,Propagación de plantas,"Agricultura, silvicultura y pesca (sin P010)",1.045399932141085e-06,1.5383336937946714e-06,0.0,0.011351806766847711,0.00595955342663487
E10_penalizacion_lhv,sensibilidad_fisica_separada,P020,"Otros frutos oleaginosos, otras plantas bebestibles y especias aromáticas","Agricultura, silvicultura y pesca (sin P010)",8.851897532435911e-07,1.085086161885182e-06,0.0,7.3049550167016345e-06,5.4935182975310225e-06
E10_penalizacion_lhv,sensibilidad_fisica_separada,P021,Ganado bovino,"Agricultura, silvicultura y pesca (sin P010)",1.5510313864594836e-07,2.7158977318771196e-07,0.0,0.0003518217935015329,0.00027988614269812336
E10_penalizacion_lhv,sensibilidad_fisica_separada,P022,Ganado porcino y otro tipo de animales vivos n.c.p.,"Agricultura, silvicultura y pesca (sin P010)",3.689822937983234e-07,5.790566950764552e-07,0.0,0.00021282335064949176,8.920011823165568e-05
E10_penalizacion_lhv,sensibilidad_fisica_separada,P023,Aves de corral,"Agricultura, silvicultura y pesca (sin P010)",2.001992568616373e-07,4.437782329871388e-07,0.0,0.0004874921861266552,0.00018648503315150228
E10_penalizacion_lhv,sensibilidad_fisica_separada,P024,Leche cruda,"Agricultura, silvicultura y pesca (sin P010)",3.373947268736001e-07,6.117996928904792e-07,0.0,4.407378762878363e-05,1.7930476238596616e-05
E10_penalizacion_lhv,sensibilidad_fisica_separada,P025,Huevos,"Agricultura, silvicultura y pesca (sin P010)",2.022319590363275e-07,3.0735578061046804e-07,0.0,8.675911626227741e-05,5.900839681020085e-05
E10_penalizacion_lhv,sensibilidad_fisica_separada,P026,Otros productos de animales vivos,"Agricultura, silvicultura y pesca (sin P010)",0.0,2.615349478668234e-07,0.0,5.03707115941832e-06,3.272491386320801e-06
E10_penalizacion_lhv,sensibilidad_fisica_separada,P027,Troncos de madera y leña,"Agricultura, silvicultura y pesca (sin P010)",7.403027795975225e-07,1.1075062186413711e-06,0.0,0.00046062428840518957,0.0004047749970924219
E10_penalizacion_lhv,sensibilidad_fisica_separada,P028,Productos forestales no madereros,"Agricultura, silvicultura y pesca (sin P010)",6.321437327552599e-07,1.1274395557983377e-06,0.0,4.129503177152983e-05,3.135731369865364e-05
E10_penalizacion_lhv,sensibilidad_fisica_separada,P029,"Peces vivos, frescos o refrigerados","Agricultura, silvicultura y pesca (sin P010)",4.022719878366597e-06,4.11844044015494e-06,0.0,4.1770914878749235e-06,3.4738423876847603e-06
E10_penalizacion_lhv,sensibilidad_fisica_separada,P030,Crustáceos sin congelar y otros productos de la pesca,"Agricultura, silvicultura y pesca (sin P010)",5.57932291005268e-07,7.625099668544475e-07,0.0,0.00010818940525395842,5.7362613720629354e-05
E10_penalizacion_lhv,sensibilidad_fisica_separada,P031,Petróleo crudo y gas natural,Otros,1.8171142480594883e-06,2.1112988098507745e-06,0.0,0.00013256807277565183,9.922311485711539e-05
E10_penalizacion_lhv,sensibilidad_fisica_separada,P032,Minerales metálicos,Otros,4.863498440149904e-07,6.224134605571515e-07,0.0,8.438317220649945e-25,6.350696381170536e-25
E10_penalizacion_lhv,sensibilidad_fisica_separada,P033,Minerales no metálicos,Otros,1.8509953499041978e-06,2.0449573000387594e-06,0.0,0.005084534450508998,0.0037029612257758206
E10_penalizacion_lhv,sensibilidad_fisica_separada,P034,Carne y despojos comestibles de ganado bovino; cueros y pieles de bovino y de otros animales,Otros,3.93840268454588e-07,8.426281513521151e-07,0.0,0.0005715425231366866,0.00014214590625371583
E10_penalizacion_lhv,sensibilidad_fisica_separada,P035,Carne y despojos comestibles de ganado porcino,Otros,1.7799294259553266e-07,6.974577625877411e-07,0.0,0.0002444832785324385,6.084126830592149e-05
E10_penalizacion_lhv,sensibilidad_fisica_separada,P036,Carne y despojos comestibles de aves,Otros,3.0410163085507374e-07,7.675088617162913e-07,0.0,0.0006678947785993734,0.0001790229447053361
E10_penalizacion_lhv,sensibilidad_fisica_separada,P037,Carne y despojos de otros animales y conservas y preparados de carne,Otros,3.9154006923524906e-07,7.337494547624335e-07,0.0,0.00037589873367824256,0.00017713526972150704
E10_penalizacion_lhv,sensibilidad_fisica_separada,P038,"Pescado congelado, preparado o en conserva y sus productos",Otros,4.486078746073596e-08,2.806821853949776e-07,0.0,4.3732022700752714e-07,3.7353206019701435e-07
E10_penalizacion_lhv,sensibilidad_fisica_separada,P039,"Crustáceos, moluscos y demás invertebrados acuáticos congelados, preparados o en conserva y sus productos",Otros,1.8325242999493573e-07,4.527551644303201e-07,0.0,7.215090368650308e-06,4.7471831842546774e-06
E10_penalizacion_lhv,sensibilidad_fisica_separada,P040,"Vegetales preparados o en conserva, legumbres y papas",Otros,8.511153568695719e-07,1.1824823889372572e-06,0.0,9.232571069748163e-06,4.551331187020471e-06
E10_penalizacion_lhv,sensibilidad_fisica_separada,P041,Preparaciones y conservas de frutas y nueces,Otros,2.618097258336619e-07,5.42205260767427e-07,0.0,1.2845322074821003e-05,8.379457120851107e-06
E10_penalizacion_lhv,sensibilidad_fisica_separada,P042,Jugos de frutas,Otros,6.018714537793743e-07,9.544665605859655e-07,0.0,1.4562803957262268e-05,7.731808057423604e-06
E10_penalizacion_lhv,sensibilidad_fisica_separada,P043,Aceites de origen vegetal,Otros,8.379565366117662e-08,5.555674688375422e-07,0.0,0.00015362347116486692,7.00818732383671e-05
E10_penalizacion_lhv,sensibilidad_fisica_separada,P044,"Margarina, grasas y otros aceites de origen animal y vegetal",Otros,1.6482083073290363e-07,6.389935214278453e-07,0.0,4.622607762935002e-05,2.0790886015191956e-05
E10_penalizacion_lhv,sensibilidad_fisica_separada,P045,Leche líquida y crema procesada,Otros,3.102478728677224e-07,7.929570445882832e-07,0.0,5.158147261273939e-05,2.1690410506459792e-05
E10_penalizacion_lhv,sensibilidad_fisica_separada,P046,Otros productos lácteos n.c.p.,Otros,3.021788199838672e-07,7.575690194313871e-07,0.0,7.19323885829589e-05,3.2499627298838255e-05
E10_penalizacion_lhv,sensibilidad_fisica_separada,P047,Harina de trigo,Otros,4.819671018095881e-07,8.699698907021531e-07,0.0,0.00017594118224710024,0.00014239885296132268
E10_penalizacion_lhv,sensibilidad_fisica_separada,P048,Arroz sin cáscara,Otros,3.360579491706931e-07,5.492446344756955e-07,0.0,3.458715785085624e-05,2.5525541218851413e-05
E10_penalizacion_lhv,sensibilidad_fisica_separada,P049,"Otros productos de molinería, almidones y productos de almidón",Otros,6.647380463847736e-07,9.703330623110116e-07,0.0,2.6008864149198514e-05,1.7877114774766577e-05
E10_penalizacion_lhv,sensibilidad_fisica_separada,P050,Pan y otros productos de panadería y repostería n.c.p.,Otros,9.355628016483003e-08,5.100989188372959e-07,0.0,0.0002175735830586527,0.0001134117532099516
E10_penalizacion_lhv,sensibilidad_fisica_separada,P051,"Tortillas de maíz, incluso tostadas, horneadas o fritas",Otros,8.39176385271972e-09,2.395797093846052e-07,0.0,0.00014169361080054523,9.057467255648341e-05
E10_penalizacion_lhv,sensibilidad_fisica_separada,P052,"Azúcar de caña sin refinar y refinada, melaza y los demás azúcares n.c.p.",Otros,4.9909449465388794e-08,8.995971345658798e-07,0.0,0.007987347594816858,0.0028903800675563304
E10_penalizacion_lhv,sensibilidad_fisica_separada,P053,Productos alimenticios n.c.p.,Otros,9.289274195943128e-07,1.2029334966921537e-06,0.0,0.00033680365159273175,0.00021530618379884156
E10_penalizacion_lhv,sensibilidad_fisica_separada,P054,Preparados para alimentación animal,Otros,5.327057973099606e-08,2.8032497525512914e-07,0.0,0.00042402331234686684,0.0002870272190115888
E10_penalizacion_lhv,sensibilidad_fisica_separada,P055,"Aguardientes, licores, vinos, demás bebidas espirituosas y productos del tabaco",Otros,1.3538241439188666e-07,3.729424328412241e-07,0.0,9.0367889370256e-05,3.792271053092015e-05
E10_penalizacion_lhv,sensibilidad_fisica_separada,P056,Malta y cerveza de malta,Otros,8.487150084602874e-07,1.0891600138653947e-06,0.0,4.9353765530373216e-05,3.2451019445669614e-05
E10_penalizacion_lhv,sensibilidad_fisica_separada,P057,Bebidas no alcohólicas,Otros,2.7268323138427497e-07,8.039892463887285e-07,0.0,0.00015754968649067783,8.286017453403438e-05
E10_penalizacion_lhv,sensibilidad_fisica_separada,P058,Aguas minerales y otras aguas embotelladas,Otros,2.766906399479189e-07,6.123492992665551e-07,0.0,0.00012104333339568138,8.991655729104443e-05
E10_penalizacion_lhv,sensibilidad_fisica_separada,P059,"Hilados, tejidos, telas y otros productos textiles excepto prendas de vestir",Otros,9.82314248131859e-08,2.3123509815262073e-07,0.0,0.0018517831940513493,0.001234498503533334
E10_penalizacion_lhv,sensibilidad_fisica_separada,P060,"Prendas de vestir, adobo y teñido de pieles",Otros,2.007677669146904e-07,4.193510855737084e-07,0.0,0.002126529777793334,0.0012647376410963361
E10_penalizacion_lhv,sensibilidad_fisica_separada,P061,Cuero de piel curtida o adobada y cuero artificial o regenerado y artículos de cuero,Otros,4.3999140399158925e-07,7.903775225323892e-07,0.0,0.0002917824129131248,0.00016373677683218364
E10_penalizacion_lhv,sensibilidad_fisica_separada,P062,"Calzado y sus partes, de cualquier material y de cualquier uso",Otros,2.2425150577148532e-08,2.9453152827947107e-07,0.0,4.054607884060516e-06,2.3825582456510053e-06
E10_penalizacion_lhv,sensibilidad_fisica_separada,P063,"Madera aserrada y acepillada, productos de madera, corcho, paja y materiales trenzables",Otros,4.796945931930996e-07,1.1164081718431134e-06,0.0,0.0011440794673757055,0.0005519425100673795
E10_penalizacion_lhv,sensibilidad_fisica_separada,P064,Pasta de papel y papel,Otros,7.566498048162539e-08,3.558727424248575e-07,0.0,0.0014570753131563081,0.0009901210284929858
E10_penalizacion_lhv,sensibilidad_fisica_separada,P065,Envases de papel y cartón,Otros,9.179864700126149e-08,3.070131070749133e-07,0.0,0.0026463905538252567,0.0018709445623418344
E10_penalizacion_lhv,sensibilidad_fisica_separada,P066,Productos de la edición,Otros,2.189928592124202e-07,4.289918423182477e-07,0.0,0.0009081688651607008,0.0006290185241116752
E10_penalizacion_lhv,sensibilidad_fisica_separada,P067,Productos de la impresión,Otros,2.7452684414996686e-07,4.762420981936656e-07,0.0,0.002830693820212113,0.0018058260963945034
E10_penalizacion_lhv,sensibilidad_fisica_separada,P068,"Gasolinas, diésel oil y fuel oils",Combustibles y refinacion,9.177043795042326e-07,1.0822302132877443e-06,0.0,0.0016012444112118913,0.0013805447316428264
E10_penalizacion_lhv,sensibilidad_fisica_separada,P069,"Aceites, grasas lubricantes y otros aceites preparados",Combustibles y refinacion,0.0,0.0,0.0,0.0,0.0
E10_penalizacion_lhv,sensibilidad_fisica_separada,P070,"Gases de petróleo, otros productos de la refinación de petróleo n.c.p.",Combustibles y refinacion,1.899800379609122e-06,2.219131041397272e-06,0.0,0.00024089435108553677,0.00018557269933777948
E10_penalizacion_lhv,sensibilidad_fisica_separada,P071,"Abonos, fertilizantes y pesticidas",Industria quimica ampliada,2.8941052540098466e-08,1.8303009918607443e-07,0.0,0.27895114834359064,0.20021195316821538
E10_penalizacion_lhv,sensibilidad_fisica_separada,P072,"Pinturas, barnices, tintas y productos relacionados",Industria quimica ampliada,1.327516619306637e-07,2.964555645162051e-07,0.0,0.002697551792881145,0.0019819239428783522
E10_penalizacion_lhv,sensibilidad_fisica_separada,P073,"Jabón, preparados de limpieza, perfumes y preparados de toilet",Industria quimica ampliada,2.7044699464252133e-07,3.9906759144097534e-07,0.0,0.0012088779370600078,0.0009507364410053127
E10_penalizacion_lhv,sensibilidad_fisica_separada,P074,Otros productos químicos,Industria quimica ampliada,6.038137468414161e-08,5.341190734167823e-07,0.0,0.002723973166283136,0.0015565258216955892
E10_penalizacion_lhv,sensibilidad_fisica_separada,P075,Productos farmacéuticos,Industria quimica ampliada,2.7588743976905995e-08,2.3374874026237766e-07,0.0,9.827089345538908e-05,6.921335809261036e-05
E10_penalizacion_lhv,sensibilidad_fisica_separada,P076,Productos de caucho y plástico,Industria quimica ampliada,8.23228860064423e-08,2.4691645102851344e-07,0.0,0.025217736502880336,0.01969769525997946
E10_penalizacion_lhv,sensibilidad_fisica_separada,P077,Vidrio y productos de vidrio,Otros,1.2436095512195944e-07,7.131824279486511e-07,0.0,0.00045638394309403384,0.0002912184622001691
E10_penalizacion_lhv,sensibilidad_fisica_separada,P078,Productos de cerámica y arcilla,Otros,2.29285929874556e-07,7.873550105327712e-07,0.0,0.0008569663610669432,0.0005067000744666218
E10_penalizacion_lhv,sensibilidad_fisica_separada,P079,"Cemento, cal y yeso",Otros,4.4551535153545273e-07,9.364586400773899e-07,0.0,0.0064258721666732,0.003891651554779577
E10_penalizacion_lhv,sensibilidad_fisica_separada,P080,"Artículos de hormigón, cemento y yeso",Otros,5.316356931508247e-07,1.2130746518711079e-06,0.0,0.0016122870877468226,0.0006229660030836606
E10_penalizacion_lhv,sensibilidad_fisica_separada,P081,Piedras talladas para construcción y otros productos minerales no metálicos n.c.p.,Otros,3.89051603014901e-07,8.16399196298633e-07,0.0,0.0007816065520953818,0.00040772439125503097
E10_penalizacion_lhv,sensibilidad_fisica_separada,P082,"Métales básicos de hierro y acero, productos primarios de metales preciosos y otros metales no ferrosos",Otros,8.199473925282056e-08,4.1705632344331603e-07,0.0,0.0038809302574320114,0.0027322518495865623
E10_penalizacion_lhv,sensibilidad_fisica_separada,P083,Productos metálicos estructurales y sus partes de hierro o de acero,Otros,1.2189762706548996e-07,2.379483476850696e-07,0.0,0.0020878359275426053,0.0017146263210293586
E10_penalizacion_lhv,sensibilidad_fisica_separada,P084,Otros productos elaborados de metal,Otros,3.2121478759584035e-07,4.352677872840276e-07,0.0,0.01243311509055324,0.010024324820842211
E10_penalizacion_lhv,sensibilidad_fisica_separada,P085,"Maquinaria para usos generales y especiales, sus partes y piezas, excepto electrodomésticos",Otros,2.115007459330362e-08,1.4303628555497944e-07,0.0,0.003447829817385896,0.0026417438839307786
E10_penalizacion_lhv,sensibilidad_fisica_separada,P086,Electrodomésticos y sus partes,Otros,0.0,0.0,0.0,8.868519531856692e-14,8.868519531856692e-14
E10_penalizacion_lhv,sensibilidad_fisica_separada,P087,"Maquinaria de oficina, contabilidad e informática, sus partes y piezas",Otros,0.0,0.0,0.0,2.7250806993589202e-14,2.7250806993589202e-14
E10_penalizacion_lhv,sensibilidad_fisica_separada,P088,"Maquinaria y aparatos eléctricos, sus partes y piezas",Otros,3.803669592084134e-08,1.9286960863959663e-07,0.0,0.00015243119301302052,0.00010123636989600867
E10_penalizacion_lhv,sensibilidad_fisica_separada,P089,"Equipo y aparatos de radio, televisión y comunicaciones",Otros,0.0,0.0,0.0,0.0,0.0
E10_penalizacion_lhv,sensibilidad_fisica_separada,P090,"Aparatos médicos, instrumentos ópticos y de precisión, relojes",Otros,0.0,2.706301049002593e-07,0.0,7.846426264494311e-06,5.046456677240126e-06
E10_penalizacion_lhv,sensibilidad_fisica_separada,P091,Equipo de transporte,Otros,4.472579144860313e-07,5.99780390948152e-07,0.0,0.0005946974439322115,0.0003909094474522379
E10_penalizacion_lhv,sensibilidad_fisica_separada,P092,Muebles,Otros,3.0415478639020667e-07,7.744493791958823e-07,0.0,2.436809729241384e-05,1.2646875906337147e-05
E10_penalizacion_lhv,sensibilidad_fisica_separada,P093,Otros artículos n.c.p.,Otros,2.0475386657142963e-07,3.749738716703919e-07,0.0,0.0019083995492655637,0.0013230452757766495
E10_penalizacion_lhv,sensibilidad_fisica_separada,P094,Residuos y desechos,Otros,1.508721807394187e-06,1.617914979728765e-06,0.0,0.001075107756334083,0.0008943653926842643
E10_penalizacion_lhv,sensibilidad_fisica_separada,P095,"Generación y distribución de energía eléctrica, gas, vapor y aire acondicionado",Otros,7.764090142369218e-08,1.6724081808440854e-07,0.0,0.0302092696334093,0.023706333748481218
E10_penalizacion_lhv,sensibilidad_fisica_separada,P096,Agua natural y distribución de agua natural,Otros,1.5859359378457202e-06,1.7483206047661877e-06,0.0,0.16149657035605736,0.11060657816470278
E10_penalizacion_lhv,sensibilidad_fisica_separada,P097,"Evacuación de aguas residuales, recogida, tratamiento y eliminación de desechos",Otros,1.745883448670914e-06,1.8691296853893768e-06,0.0,0.0009033617229774083,0.0007341515571583763
E10_penalizacion_lhv,sensibilidad_fisica_separada,P098,Edificaciones residenciales,Otros,7.829944764451867e-09,3.4208642785962295e-07,0.0,0.0,0.0
E10_penalizacion_lhv,sensibilidad_fisica_separada,P099,Edificaciones no residenciales,Otros,1.8901471773270783e-08,3.963005676118472e-07,0.0,0.0,0.0
E10_penalizacion_lhv,sensibilidad_fisica_separada,P100,Obras de ingeniería civil,Otros,7.80792661380296e-07,1.2428097617186807e-06,0.0,0.0,0.0
E10_penalizacion_lhv,sensibilidad_fisica_separada,P101,Servicios generales y especializados de construcción,Servicios (sin transporte y logistica),4.855251774596707e-07,8.93204153972154e-07,0.0,0.04652095844415693,0.02509693572934717
E10_penalizacion_lhv,sensibilidad_fisica_separada,P102,Servicios de comercio,Servicios (sin transporte y logistica),2.2238664006355594e-07,4.214064152898119e-07,0.0,0.20035348714122023,0.1510770199484903
E10_penalizacion_lhv,sensibilidad_fisica_separada,P103,Mantenimiento y reparación de vehículos automotores y motocicletas,Servicios (sin transporte y logistica),3.5899207812180533e-07,4.795295620685561e-07,0.0,0.08294634501346482,0.06677476247176997
E10_penalizacion_lhv,sensibilidad_fisica_separada,P104,Servicio de transporte de pasajeros por vía terrestre,Transporte y logistica,6.495541982643234e-06,6.623865867437732e-06,0.0,0.0014370903019864172,0.0011017754862488467
E10_penalizacion_lhv,sensibilidad_fisica_separada,P105,Servicio de transporte de carga por vía terrestre,Transporte y logistica,7.041992516517172e-06,7.218881380777964e-06,0.0,0.10900778195586669,0.07926567177579756
E10_penalizacion_lhv,sensibilidad_fisica_separada,P106,Otros tipos de transporte,Transporte y logistica,4.6870939746061996e-07,6.899095645191416e-07,0.0,0.0004051803637016213,0.000282701288386294
E10_penalizacion_lhv,sensibilidad_fisica_separada,P107,Servicios de almacenamiento y depósito,Transporte y logistica,0.0,2.213825148994551e-07,0.0,0.00045994851622644224,0.00029460340933985785
E10_penalizacion_lhv,sensibilidad_fisica_separada,P108,Otros servicios de apoyo al transporte,Transporte y logistica,5.592098775532199e-07,1.0691764345617642e-06,0.0,0.007064139661754652,0.004196492767683267
E10_penalizacion_lhv,sensibilidad_fisica_separada,P109,Servicios postales y de mensajería,Transporte y logistica,1.6077171876092872e-06,2.1796207504412952e-06,0.0,0.0019255568187970754,0.0012062477325834255
E10_penalizacion_lhv,sensibilidad_fisica_separada,P110,Servicio de alojamiento,Servicios (sin transporte y logistica),2.547291446248147e-07,4.2856464026349577e-07,0.0,0.011781799043767164,0.007507370476678529
E10_penalizacion_lhv,sensibilidad_fisica_separada,P111,Servicio de suministro de comidas y bebidas,Servicios (sin transporte y logistica),3.5716737443558173e-08,3.820915405362037e-07,0.0,0.012268453539996822,0.006156516357290312
E10_penalizacion_lhv,sensibilidad_fisica_separada,P112,"Servicios de información, telecomunicaciones y radiodifusión",Servicios (sin transporte y logistica),2.1258202051926527e-07,3.0270026792324717e-07,0.0,0.01738069901235191,0.01323503278909904
E10_penalizacion_lhv,sensibilidad_fisica_separada,P113,Servicios de banco central,Servicios (sin transporte y logistica),3.9028094474657835e-08,1.8046408831988138e-07,0.0,0.0,0.0
E10_penalizacion_lhv,sensibilidad_fisica_separada,P114,Otros servicios financieros y servicios de banca de inversión,Servicios (sin transporte y logistica),3.508438790172823e-09,2.3418541714660876e-07,0.0,0.010464563138544096,0.004998943928608954
E10_penalizacion_lhv,sensibilidad_fisica_separada,P115,Servicios de Intermediación Financiera Medidos Indirectamente (SIFMI),Servicios (sin transporte y logistica),9.117581638066272e-10,1.3495487580546785e-07,0.0,0.03390665217389116,0.023541485067517832
E10_penalizacion_lhv,sensibilidad_fisica_separada,P116,"Servicios de seguro, reaseguro y fondos de pensiones",Servicios (sin transporte y logistica),9.658213342851431e-09,8.062646983491687e-08,0.0,0.006762526980173165,0.0037198431916577847
E10_penalizacion_lhv,sensibilidad_fisica_separada,P117,Servicios auxiliares de la intermediación financiera,Servicios (sin transporte y logistica),1.0050954424387414e-08,1.2900585555679837e-07,0.0,0.004373081009727473,0.002654360257676124
E10_penalizacion_lhv,sensibilidad_fisica_separada,P118,Servicios de alquiler de vivienda,Servicios (sin transporte y logistica),7.129358999763016e-16,4.1292611656111333e-08,0.0,0.0,0.0
E10_penalizacion_lhv,sensibilidad_fisica_separada,P119,"Otros servicios inmobiliarios, excepto alquiler de vivienda",Servicios (sin transporte y logistica),3.9528774757901044e-08,1.7810361988781903e-07,0.0,0.03825669709180443,0.027962287565597273
E10_penalizacion_lhv,sensibilidad_fisica_separada,P120,"Servicios jurídicos, de contabilidad, auditoría, teneduría de libros y consultoría fiscal",Servicios (sin transporte y logistica),1.1661878107811174e-08,7.916766208741014e-08,0.0,0.028921009564639798,0.023908371909707953
E10_penalizacion_lhv,sensibilidad_fisica_separada,P121,Servicios de tecnología de la información,Servicios (sin transporte y logistica),2.7619781489491965e-07,4.009144013327423e-07,0.0,0.010687488015983815,0.007523161894150768
E10_penalizacion_lhv,sensibilidad_fisica_separada,P122,"Servicios de arquitectura e ingeniería, ensayos y análisis técnicos",Servicios (sin transporte y logistica),3.5799253864753534e-07,5.274291159977347e-07,0.0,0.006628473239756872,0.004462245220755683
E10_penalizacion_lhv,sensibilidad_fisica_separada,P123,"Otros servicios profesionales, científicos y técnicos",Servicios (sin transporte y logistica),5.3509852698322417e-08,1.3939622061155428e-07,0.0,0.0331460023462892,0.024445533506513947
E10_penalizacion_lhv,sensibilidad_fisica_separada,P124,Servicios de publicidad y estudios de mercado,Servicios (sin transporte y logistica),1.4410470892255332e-07,3.2120957537870255e-07,0.0,0.0182942768133017,0.011452876044979222
E10_penalizacion_lhv,sensibilidad_fisica_separada,P125,Servicios de arrendamiento o alquiler sin operador,Servicios (sin transporte y logistica),3.8994168462380094e-07,5.074286207773126e-07,0.0,0.03752263424384831,0.02775260969895277
E10_penalizacion_lhv,sensibilidad_fisica_separada,P126,Servicios  de agencias de empleo y de dotación de recursos humanos,Servicios (sin transporte y logistica),8.8020083390497e-08,1.2449587612775518e-07,0.0,0.7403851699091717,0.6721101335014883
E10_penalizacion_lhv,sensibilidad_fisica_separada,P127,"Servicios de agencias de viajes, operadores turísticos y actividades conexas",Servicios (sin transporte y logistica),2.696904105243099e-07,4.247218161862176e-07,0.0,0.00011126351947900875,7.42052201312895e-05
E10_penalizacion_lhv,sensibilidad_fisica_separada,P128,"Servicios de seguridad, sistemas de seguridad e investigación privada",Servicios (sin transporte y logistica),2.6645345761616173e-07,3.35994048095012e-07,0.0,0.038764847036922165,0.03308341742402332
E10_penalizacion_lhv,sensibilidad_fisica_separada,P129,Servicios de limpieza,Servicios (sin transporte y logistica),7.200753799703713e-08,1.7359234114156822e-07,0.0,0.002679389459597682,0.002012014722405024
E10_penalizacion_lhv,sensibilidad_fisica_separada,P130,Servicios telefónicos de centros de llamadas,Servicios (sin transporte y logistica),5.201357026408735e-08,1.142281328512333e-07,0.0,0.0003816778897656489,0.0003030030733221973
E10_penalizacion_lhv,sensibilidad_fisica_separada,P131,"Servicios administrativos, de apoyo de oficina y otros servicios de apoyo a las empresas",Servicios (sin transporte y logistica),4.332406946029016e-07,5.382395686037692e-07,0.0,0.010014433544657727,0.007636960901882584
E10_penalizacion_lhv,sensibilidad_fisica_separada,P132,"Servicios de mantenimiento, reparación e instalación de productos metálicos elaborados, maquinaria y equipo",Servicios (sin transporte y logistica),2.826668530077373e-07,5.782359888126588e-07,0.0,0.07403550501371484,0.04487850635948984
E10_penalizacion_lhv,sensibilidad_fisica_separada,P133,Servicios de reparación de otros bienes,Servicios (sin transporte y logistica),6.913151608431798e-08,1.4625808871913279e-07,0.0,0.002253617753093515,0.0018426735905619077
E10_penalizacion_lhv,sensibilidad_fisica_separada,P134,"Servicios de apoyo a la agricultura, caza, silvicultura y pesca",Servicios (sin transporte y logistica),3.508454853080155e-07,4.332030040610425e-07,0.0,0.3949758527796459,0.3662913482534437
E10_penalizacion_lhv,sensibilidad_fisica_separada,P135,"Servicios de apoyo a la explotación de minas y canteras y los relacionados con la distribución de electricidad, gas y agua",Servicios (sin transporte y logistica),1.41771557460394e-07,3.3435610690370305e-07,0.0,3.715625194429875e-05,2.46522819046881e-05
E10_penalizacion_lhv,sensibilidad_fisica_separada,P136,Servicios de manufactura,Servicios (sin transporte y logistica),4.5642312400001044e-07,6.024443803885287e-07,0.0,0.0034171128277235524,0.002482019854734519
E10_penalizacion_lhv,sensibilidad_fisica_separada,P137,Servicios públicos del gobierno general,Servicios (sin transporte y logistica),8.878224840413529e-07,1.1706061439509256e-06,0.0,0.0,0.0
E10_penalizacion_lhv,sensibilidad_fisica_separada,P138,"Servicios públicos administrativos relacionados con la provisión de servicios educativos, de salud, servicios sociales, culturales y otros, sin contar los servicios de seguridad social",Servicios (sin transporte y logistica),4.171731460426797e-08,2.5591636956204214e-07,0.0,0.0,0.0
E10_penalizacion_lhv,sensibilidad_fisica_separada,P139,Otros servicios administrativos,Servicios (sin transporte y logistica),7.684056295413453e-08,4.013581936931482e-07,0.0,0.0,0.0
E10_penalizacion_lhv,sensibilidad_fisica_separada,P140,Servicios públicos administrativos prestados a la comunidad en su conjunto,Servicios (sin transporte y logistica),1.221258163888228e-07,2.0645932391881956e-07,0.0,0.0,0.0
E10_penalizacion_lhv,sensibilidad_fisica_separada,P141,Servicios administrativos relacionados con los sistemas de seguridad social de afiliación obligatoria,Servicios (sin transporte y logistica),1.4282859908912715e-07,2.11084972350996e-07,0.0,0.0,0.0
E10_penalizacion_lhv,sensibilidad_fisica_separada,P142,Servicios de enseñanza,Servicios (sin transporte y logistica),5.174614824673564e-08,1.1294707672385876e-07,0.0,1.0199493595049584e-05,9.071654097897746e-06
E10_penalizacion_lhv,sensibilidad_fisica_separada,P143,Servicios de hospitalización,Servicios (sin transporte y logistica),1.8613601194250574e-07,2.7616969589875116e-07,0.0,0.0,0.0
E10_penalizacion_lhv,sensibilidad_fisica_separada,P144,Servicios médicos y dentales,Servicios (sin transporte y logistica),1.2223569877863175e-07,2.3293633453412326e-07,0.0,3.7711211916524937e-06,2.8406949092123637e-06
E10_penalizacion_lhv,sensibilidad_fisica_separada,P145,Otros servicios de atención de la salud humana,Servicios (sin transporte y logistica),5.08587007153745e-08,2.0413208629818105e-07,0.0,4.079200469654466e-05,2.747581017721828e-05
E10_penalizacion_lhv,sensibilidad_fisica_separada,P146,"Servicios audiovisuales, recreativos, culturales y deportivos",Servicios (sin transporte y logistica),3.457138240856795e-07,5.42023368616801e-07,0.0,0.0005271559955059073,0.0003303602892678442
E10_penalizacion_lhv,sensibilidad_fisica_separada,P147,Servicios de asociaciones que sirven a las empresas,Servicios (sin transporte y logistica),2.915444686838294e-07,4.163787590885976e-07,0.0,0.0010298850579814238,0.000689628806849147
E10_penalizacion_lhv,sensibilidad_fisica_separada,P148,Servicios de asociaciones que sirven a los hogares,Servicios (sin transporte y logistica),9.507773292434507e-08,3.208983322992108e-07,0.0,2.0128407416715912e-23,1.0677468565581109e-23
E10_penalizacion_lhv,sensibilidad_fisica_separada,P149,Otros servicios,Servicios (sin transporte y logistica),9.720017671605194e-08,1.517496175646683e-07,0.0,8.599762170661377e-05,7.598992698756136e-05
E10_penalizacion_lhv,sensibilidad_fisica_separada,P150,Servicios domésticos,Servicios (sin transporte y logistica),0.0,0.0,0.0,0.0,0.0
E10_penalizacion_lhv,sensibilidad_fisica_separada,P151,Compras directas en el exterior por residentes,Otros,0.0,0.0,0.0,0.0,0.0
E10_penalizacion_lhv,sensibilidad_fisica_separada,P152,Compras directas en el territorio nacional por no residentes,Otros,0.0,0.0,0.0,0.0,0.0
