id_escenario,escenario,recargo_entrega_ilustrativo_fraccion,participacion_gasolina_en_p068,grupo_analitico,descripcion,codigo_inicio,codigo_fin,numero_productos,produccion_base_millones_q_2013,efecto_precio_ponderado_produccion_pct,efecto_precio_minimo_producto_pct,efecto_precio_maximo_producto_pct
E10_r00_p068_450,E10,0.0,0.45,agricultura_pesca_silvicultura,"Agricultura, ganadería, silvicultura y pesca.",P001,P030,30,74663.33847793967,-0.005245800347363846,-0.04505461295898235,-0.0011466955932296174
E10_r00_p068_450,E10,0.0,0.45,mineria,"Petróleo crudo, gas natural y minerales.",P031,P033,3,8450.23278764872,-0.010280013721069764,-0.015409509605415435,-0.006103914941229254
E10_r00_p068_450,E10,0.0,0.45,alimentos_bebidas_tabaco,"Alimentos procesados, bebidas y tabaco.",P034,P058,25,85313.2317468036,-0.006450344928961989,-0.012747016725839775,-0.0021122904714115614
E10_r00_p068_450,E10,0.0,0.45,manufactura_otros_y_refinacion,"Textiles, cuero, madera, papel, edición, impresión y refinación.",P059,P070,12,24472.43089526476,-0.00594132611368308,-0.01381329686015584,0.0
E10_r00_p068_450,E10,0.0,0.45,quimica_farmaceutica,"Fertilizantes, pinturas, limpieza, otros químicos y farmacéuticos.",P071,P075,5,15290.689256096739,-0.004672735258769584,-0.010312378256148417,-0.0018273597715014033
E10_r00_p068_450,E10,0.0,0.45,otras_manufacturas,"Caucho, plástico, minerales no metálicos, metales, maquinaria, equipo, muebles y otros.",P076,P094,19,37622.85104702268,-0.006207759162636404,-0.024119939625906008,0.0
E10_r00_p068_450,E10,0.0,0.45,electricidad_agua_desechos,"Electricidad, gas, agua y gestión de desechos.",P095,P097,3,18377.121163366268,-0.020276821302073728,-0.02228354184803438,-0.012462306922428232
E10_r00_p068_450,E10,0.0,0.45,construccion,"Edificaciones, obras civiles y servicios de construcción.",P098,P101,4,42692.54198585462,-0.005737309799018802,-0.008507085915249325,-0.0033102613922210344
E10_r00_p068_450,E10,0.0,0.45,comercio_reparacion,Comercio y reparación de vehículos.,P102,P103,2,110301.56241488637,-0.004728676006789888,-0.008235789762522103,-0.0044448613564530715
E10_r00_p068_450,E10,0.0,0.45,transporte_logistica,"Transporte de pasajeros y carga, almacenamiento, apoyo, correo y mensajería.",P104,P109,6,25090.974998895443,-0.032813297987253846,-0.04444101819989328,-0.003077479626137968
E10_r00_p068_450,E10,0.0,0.45,alojamiento_comidas,Alojamiento y suministro de comidas y bebidas.,P110,P111,2,29302.71482493113,-0.004145900018471289,-0.007141113820563346,-0.003941090740801081
E10_r00_p068_450,E10,0.0,0.45,servicios_privados,"Información, finanzas, inmobiliarios, profesionales, administrativos y otros servicios de mercado.",P112,P136,25,144897.2483061703,-0.002616429648902389,-0.0072906089818084215,-0.0003542663638545578
E10_r00_p068_450,E10,0.0,0.45,servicios_publicos_sociales,"Gobierno, enseñanza, salud, cultura, asociaciones y servicios domésticos.",P137,P150,14,78471.62944532983,-0.0032163266420830836,-0.010536832773836768,0.0
E10_r00_p068_450,E10,0.0,0.45,ajustes_comercio_exterior,Compras directas de residentes y no residentes.,P151,P152,2,0.0,0.0,0.0,0.0
E10_r00_p068_502,E10,0.0,0.502,agricultura_pesca_silvicultura,"Agricultura, ganadería, silvicultura y pesca.",P001,P030,30,74663.33847793967,-0.005851981720837004,-0.05026092378979804,-0.001279202639558373
E10_r00_p068_502,E10,0.0,0.502,mineria,"Petróleo crudo, gas natural y minerales.",P031,P033,3,8450.23278764872,-0.011467926417726712,-0.017190164048707872,-0.006809256223326855
E10_r00_p068_502,E10,0.0,0.502,alimentos_bebidas_tabaco,"Alimentos procesados, bebidas y tabaco.",P034,P058,25,85313.2317468036,-0.0071957181207531525,-0.014220005325270147,-0.0023563773703302307
E10_r00_p068_502,E10,0.0,0.502,manufactura_otros_y_refinacion,"Textiles, cuero, madera, papel, edición, impresión y refinación.",P059,P070,12,24472.43089526476,-0.006627879353486459,-0.01540950005288496,0.0
E10_r00_p068_502,E10,0.0,0.502,quimica_farmaceutica,"Fertilizantes, pinturas, limpieza, otros químicos y farmacéuticos.",P071,P075,5,15290.689256096739,-0.005212695777560735,-0.011504030854636676,-0.0020385213450971216
E10_r00_p068_502,E10,0.0,0.502,otras_manufacturas,"Caucho, plástico, minerales no metálicos, metales, maquinaria, equipo, muebles y otros.",P076,P094,19,37622.85104702268,-0.006925100221429943,-0.02690713264934403,0.0
E10_r00_p068_502,E10,0.0,0.502,electricidad_agua_desechos,"Electricidad, gas, agua y gestión de desechos.",P095,P097,3,18377.121163366268,-0.022619920652535597,-0.024858528906029482,-0.013902395722353278
E10_r00_p068_502,E10,0.0,0.502,construccion,"Edificaciones, obras civiles y servicios de construcción.",P098,P101,4,42692.54198585462,-0.006400287820238754,-0.009490126954344804,-0.0036927804864332436
E10_r00_p068_502,E10,0.0,0.502,comercio_reparacion,Comercio y reparación de vehículos.,P102,P103,2,110301.56241488637,-0.00527510078979672,-0.0091874810239691,-0.004958489779865426
E10_r00_p068_502,E10,0.0,0.502,transporte_logistica,"Transporte de pasajeros y carga, almacenamiento, apoyo, correo y mensajería.",P104,P109,6,25090.974998895443,-0.036605056865780965,-0.0495764247474365,-0.0034330994940472443
E10_r00_p068_502,E10,0.0,0.502,alojamiento_comidas,Alojamiento y suministro de comidas y bebidas.,P110,P111,2,29302.71482493113,-0.004624981798383527,-0.007966309195383997,-0.004396505670849206
E10_r00_p068_502,E10,0.0,0.502,servicios_privados,"Información, finanzas, inmobiliarios, profesionales, administrativos y otros servicios de mercado.",P112,P136,25,144897.2483061703,-0.002918772630553331,-0.008133079353039615,-0.00039520381034441793
E10_r00_p068_502,E10,0.0,0.502,servicios_publicos_sociales,"Gobierno, enseñanza, salud, cultura, asociaciones y servicios domésticos.",P137,P150,14,78471.62944532983,-0.003587991054057128,-0.01175442233881346,0.0
E10_r00_p068_502,E10,0.0,0.502,ajustes_comercio_exterior,Compras directas de residentes y no residentes.,P151,P152,2,0.0,0.0,0.0,0.0
E10_r15_p068_450,E10,0.15,0.45,agricultura_pesca_silvicultura,"Agricultura, ganadería, silvicultura y pesca.",P001,P030,30,74663.33847793967,0.005286695753469441,0.0011556350455265746,0.045405851391991665
E10_r15_p068_450,E10,0.15,0.45,mineria,"Petróleo crudo, gas natural y minerales.",P031,P033,3,8450.23278764872,0.010360155035655919,0.00615150006910798,0.015529639635434255
E10_r15_p068_450,E10,0.15,0.45,alimentos_bebidas_tabaco,"Alimentos procesados, bebidas y tabaco.",P034,P058,25,85313.2317468036,0.006500630768666813,0.00212875754429297,0.012846390394511697
E10_r15_p068_450,E10,0.15,0.45,manufactura_otros_y_refinacion,"Textiles, cuero, madera, papel, edición, impresión y refinación.",P059,P070,12,24472.43089526476,0.005987643725512691,0.0,0.013920983075289254
E10_r15_p068_450,E10,0.15,0.45,quimica_farmaceutica,"Fertilizantes, pinturas, limpieza, otros químicos y farmacéuticos.",P071,P075,5,15290.689256096739,0.004709163142672435,0.0018416055709996881,0.01039277187938488
E10_r15_p068_450,E10,0.15,0.45,otras_manufacturas,"Caucho, plástico, minerales no metálicos, metales, maquinaria, equipo, muebles y otros.",P076,P094,19,37622.85104702268,0.006256153843171531,0.0,0.024307974751325817
E10_r15_p068_450,E10,0.15,0.45,electricidad_agua_desechos,"Electricidad, gas, agua y gestión de desechos.",P095,P097,3,18377.121163366268,0.020434896102250903,0.012559461039790207,0.02245726071512858
E10_r15_p068_450,E10,0.15,0.45,construccion,"Edificaciones, obras civiles y servicios de construcción.",P098,P101,4,42692.54198585462,0.005782036932849274,0.0033360676515115885,0.008573405773086485
E10_r15_p068_450,E10,0.15,0.45,comercio_reparacion,Comercio y reparación de vehículos.,P102,P103,2,110301.56241488637,0.0047655399956637,0.004479512772484671,0.00829999463968787
E10_r15_p068_450,E10,0.15,0.45,transporte_logistica,"Transporte de pasajeros y carga, almacenamiento, apoyo, correo y mensajería.",P104,P109,6,25090.974998895443,0.033069105120197236,0.003101471156649771,0.04478747314798218
E10_r15_p068_450,E10,0.15,0.45,alojamiento_comidas,Alojamiento y suministro de comidas y bebidas.,P110,P111,2,29302.71482493113,0.004178220780547904,0.003971814843067963,0.007196784782170753
E10_r15_p068_450,E10,0.15,0.45,servicios_privados,"Información, finanzas, inmobiliarios, profesionales, administrativos y otros servicios de mercado.",P112,P136,25,144897.2483061703,0.0026368269087966496,0.00035702816679405883,0.007347445383372575
E10_r15_p068_450,E10,0.15,0.45,servicios_publicos_sociales,"Gobierno, enseñanza, salud, cultura, asociaciones y servicios domésticos.",P137,P150,14,78471.62944532983,0.003241400601343147,0.0,0.010618976207978201
E10_r15_p068_450,E10,0.15,0.45,ajustes_comercio_exterior,Compras directas de residentes y no residentes.,P151,P152,2,0.0,0.0,0.0,0.0
E10_r15_p068_502,E10,0.15,0.502,agricultura_pesca_silvicultura,"Agricultura, ganadería, silvicultura y pesca.",P001,P030,30,74663.33847793967,0.005897602818314799,0.0012891750952318676,0.05065274977506627
E10_r15_p068_502,E10,0.15,0.502,mineria,"Petróleo crudo, gas natural y minerales.",P031,P033,3,8450.23278764872,0.01155732850644282,0.0068623400770937894,0.017324175771084426
E10_r15_p068_502,E10,0.15,0.502,alimentos_bebidas_tabaco,"Alimentos procesados, bebidas y tabaco.",P034,P058,25,85313.2317468036,0.007251814768601646,0.0023747473049668243,0.014330862173433056
E10_r15_p068_502,E10,0.15,0.502,manufactura_otros_y_refinacion,"Textiles, cuero, madera, papel, edición, impresión y refinación.",P059,P070,12,24472.43089526476,0.006679549222683046,0.0,0.015529630008433791
E10_r15_p068_502,E10,0.15,0.502,quimica_farmaceutica,"Fertilizantes, pinturas, limpieza, otros químicos y farmacéuticos.",P071,P075,5,15290.689256096739,0.005253333105825694,0.0020544133258707624,0.011593714407669358
E10_r15_p068_502,E10,0.15,0.502,otras_manufacturas,"Caucho, plástico, minerales no metálicos, metales, maquinaria, equipo, muebles y otros.",P076,P094,19,37622.85104702268,0.006979087176160239,0.0,0.027116896278145685
E10_r15_p068_502,E10,0.15,0.502,electricidad_agua_desechos,"Electricidad, gas, agua y gestión de desechos.",P095,P097,3,18377.121163366268,0.02279626187406656,0.014010776537721521,0.02505232195332121
E10_r15_p068_502,E10,0.15,0.502,construccion,"Edificaciones, obras civiles y servicios de construcción.",P098,P101,4,42692.54198585462,0.006450183422867412,0.0037215688023529286,0.009564110440198701
E10_r15_p068_502,E10,0.15,0.502,comercio_reparacion,Comercio y reparación de vehículos.,P102,P103,2,110301.56241488637,0.005316224617384838,0.004997145359527343,0.009259105131385134
E10_r15_p068_502,E10,0.15,0.502,transporte_logistica,"Transporte de pasajeros y carga, almacenamiento, apoyo, correo y mensajería.",P104,P109,6,25090.974998895443,0.03689042393408669,0.003459863379195967,0.04996291448952678
E10_r15_p068_502,E10,0.15,0.502,alojamiento_comidas,Alojamiento y suministro de comidas y bebidas.,P110,P111,2,29302.71482493113,0.004661037404077885,0.004430780113822485,0.008028413245888258
E10_r15_p068_502,E10,0.15,0.502,servicios_privados,"Información, finanzas, inmobiliarios, profesionales, administrativos y otros servicios de mercado.",P112,P136,25,144897.2483061703,0.0029415269071464837,0.00039828475495692786,0.008196483516562292
E10_r15_p068_502,E10,0.15,0.502,servicios_publicos_sociales,"Gobierno, enseñanza, salud, cultura, asociaciones y servicios domésticos.",P137,P150,14,78471.62944532983,0.0036159624486094668,0.0,0.011846057903122351
E10_r15_p068_502,E10,0.15,0.502,ajustes_comercio_exterior,Compras directas de residentes y no residentes.,P151,P152,2,0.0,0.0,0.0,0.0
E10_r30_p068_450,E10,0.3,0.45,agricultura_pesca_silvicultura,"Agricultura, ganadería, silvicultura y pesca.",P001,P030,30,74663.33847793967,0.0158191918543031,0.0034579656842828477,0.13586631574296887
E10_r30_p068_450,E10,0.3,0.45,mineria,"Petróleo crudo, gas natural y minerales.",P031,P033,3,8450.23278764872,0.031000323792382316,0.018406915079445647,0.046468788876285
E10_r30_p068_450,E10,0.3,0.45,alimentos_bebidas_tabaco,"Alimentos procesados, bebidas y tabaco.",P034,P058,25,85313.2317468036,0.01945160646629607,0.006369805559997648,0.038439797514864066
E10_r30_p068_450,E10,0.3,0.45,manufactura_otros_y_refinacion,"Textiles, cuero, madera, papel, edición, impresión y refinación.",P059,P070,12,24472.43089526476,0.01791661356470888,0.0,0.04165526301073531
E10_r30_p068_450,E10,0.3,0.45,quimica_farmaceutica,"Fertilizantes, pinturas, limpieza, otros químicos y farmacéuticos.",P071,P075,5,15290.689256096739,0.014091061544114781,0.005510570913500909,0.031097922014918903
E10_r30_p068_450,E10,0.3,0.45,otras_manufacturas,"Caucho, plástico, minerales no metálicos, metales, maquinaria, equipo, muebles y otros.",P076,P094,19,37622.85104702268,0.018720066848979904,0.0,0.07273588912855933
E10_r30_p068_450,E10,0.3,0.45,electricidad_agua_desechos,"Electricidad, gas, agua y gestión de desechos.",P095,P097,3,18377.121163366268,0.06114661350657697,0.03758122900200951,0.06719806327829313
E10_r30_p068_450,E10,0.3,0.45,construccion,"Edificaciones, obras civiles y servicios de construcción.",P098,P101,4,42692.54198585462,0.017301383664717753,0.009982396695244448,0.025653897461422888
E10_r30_p068_450,E10,0.3,0.45,comercio_reparacion,Comercio y reparación de vehículos.,P102,P103,2,110301.56241488637,0.014259755998117619,0.013403886901422723,0.024835779041898418
E10_r30_p068_450,E10,0.3,0.45,transporte_logistica,"Transporte de pasajeros y carga, almacenamiento, apoyo, correo y mensajería.",P104,P109,6,25090.974998895443,0.09895150822765061,0.009280421939437724,0.13401596449586078
E10_r30_p068_450,E10,0.3,0.45,alojamiento_comidas,Alojamiento y suministro de comidas y bebidas.,P110,P111,2,29302.71482493113,0.012502341579567387,0.011884720426937282,0.021534683384905353
E10_r30_p068_450,E10,0.3,0.45,servicios_privados,"Información, finanzas, inmobiliarios, profesionales, administrativos y otros servicios de mercado.",P112,P136,25,144897.2483061703,0.007890083466495869,0.0010683226974427002,0.021985499748554082
E10_r30_p068_450,E10,0.3,0.45,servicios_publicos_sociales,"Gobierno, enseñanza, salud, cultura, asociaciones y servicios domésticos.",P137,P150,14,78471.62944532983,0.009699127844769603,0.0,0.031774785189793917
E10_r30_p068_450,E10,0.3,0.45,ajustes_comercio_exterior,Compras directas de residentes y no residentes.,P151,P152,2,0.0,0.0,0.0,0.0
E10_r30_p068_502,E10,0.3,0.502,agricultura_pesca_silvicultura,"Agricultura, ganadería, silvicultura y pesca.",P001,P030,30,74663.33847793967,0.01764718735746701,0.003857552830022198,0.15156642333993414
E10_r30_p068_502,E10,0.3,0.502,mineria,"Petróleo crudo, gas natural y minerales.",P031,P033,3,8450.23278764872,0.03458258343061316,0.02053393637751492,0.05183851559087792
E10_r30_p068_502,E10,0.3,0.502,alimentos_bebidas_tabaco,"Alimentos procesados, bebidas y tabaco.",P034,P058,25,85313.2317468036,0.021699347657956943,0.007105871980264042,0.04288172967213725
E10_r30_p068_502,E10,0.3,0.502,manufactura_otros_y_refinacion,"Textiles, cuero, madera, papel, edición, impresión y refinación.",P059,P070,12,24472.43089526476,0.019986977798853015,0.0,0.04646876006975362
E10_r30_p068_502,E10,0.3,0.502,quimica_farmaceutica,"Fertilizantes, pinturas, limpieza, otros químicos y farmacéuticos.",P071,P075,5,15290.689256096739,0.01571936198921249,0.006147347996838791,0.034691459669976187
E10_r30_p068_502,E10,0.3,0.502,otras_manufacturas,"Caucho, plástico, minerales no metálicos, metales, maquinaria, equipo, muebles y otros.",P076,P094,19,37622.85104702268,0.020883274573750915,0.0,0.08114092520563732
E10_r30_p068_502,E10,0.3,0.502,electricidad_agua_desechos,"Electricidad, gas, agua y gestión de desechos.",P095,P097,3,18377.121163366268,0.06821244440067029,0.04192394879779729,0.07496317281267363
E10_r30_p068_502,E10,0.3,0.502,construccion,"Edificaciones, obras civiles y servicios de construcción.",P098,P101,4,42692.54198585462,0.01930065466597403,0.011135918091139362,0.02861834783474288
E10_r30_p068_502,E10,0.3,0.502,comercio_reparacion,Comercio y reparación de vehículos.,P102,P103,2,110301.56241488637,0.015907550024566765,0.01495278049892046,0.027705691286740015
E10_r30_p068_502,E10,0.3,0.502,transporte_logistica,"Transporte de pasajeros y carga, almacenamiento, apoyo, correo y mensajería.",P104,P109,6,25090.974998895443,0.11038590473395692,0.010352826252439417,0.1495022537264936
E10_r30_p068_502,E10,0.3,0.502,alojamiento_comidas,Alojamiento y suministro de comidas y bebidas.,P110,P111,2,29302.71482493113,0.013947056606539618,0.01325806589849448,0.02402313568716108
E10_r30_p068_502,E10,0.3,0.502,servicios_privados,"Información, finanzas, inmobiliarios, profesionales, administrativos y otros servicios de mercado.",P112,P136,25,144897.2483061703,0.0088018264448465,0.001191773320258301,0.024526046386164773
E10_r30_p068_502,E10,0.3,0.502,servicios_publicos_sociales,"Gobierno, enseñanza, salud, cultura, asociaciones y servicios domésticos.",P137,P150,14,78471.62944532983,0.010819915951276318,0.0,0.03544653814505899
E10_r30_p068_502,E10,0.3,0.502,ajustes_comercio_exterior,Compras directas de residentes y no residentes.,P151,P152,2,0.0,0.0,0.0,0.0
E15_r00_p068_450,E15,0.0,0.45,agricultura_pesca_silvicultura,"Agricultura, ganadería, silvicultura y pesca.",P001,P030,30,74663.33847793967,-0.008009930285049226,-0.06879489971490771,-0.0017509152372827308
E15_r00_p068_450,E15,0.0,0.45,mineria,"Petróleo crudo, gas natural y minerales.",P031,P033,3,8450.23278764872,-0.015696783671246165,-0.023529126061421764,-0.00932020471760542
E15_r00_p068_450,E15,0.0,0.45,alimentos_bebidas_tabaco,"Alimentos procesados, bebidas y tabaco.",P034,P058,25,85313.2317468036,-0.009849176441011574,-0.019463705927665036,-0.0032253037282066544
E15_r00_p068_450,E15,0.0,0.45,manufactura_otros_y_refinacion,"Textiles, cuero, madera, papel, edición, impresión y refinación.",P059,P070,12,24472.43089526476,-0.009071944187746102,-0.02109183299592004,0.0
E15_r00_p068_450,E15,0.0,0.45,quimica_farmaceutica,"Fertilizantes, pinturas, limpieza, otros químicos y farmacéuticos.",P071,P075,5,15290.689256096739,-0.007134904339629419,-0.01574620180623453,-0.0027902366476423796
E15_r00_p068_450,E15,0.0,0.45,otras_manufacturas,"Caucho, plástico, minerales no metálicos, metales, maquinaria, equipo, muebles y otros.",P076,P094,19,37622.85104702268,-0.009478766789910456,-0.03682927715314043,0.0
E15_r00_p068_450,E15,0.0,0.45,electricidad_agua_desechos,"Electricidad, gas, agua y gestión de desechos.",P095,P097,3,18377.121163366268,-0.030961133531059743,-0.03402524017072593,-0.019028976138922217
E15_r00_p068_450,E15,0.0,0.45,construccion,"Edificaciones, obras civiles y servicios de construcción.",P098,P101,4,42692.54198585462,-0.008760427098024085,-0.012989660413651469,-0.005054512413974153
E15_r00_p068_450,E15,0.0,0.45,comercio_reparacion,Comercio y reparación de vehículos.,P102,P103,2,110301.56241488637,-0.0072203215232935535,-0.01257541222918918,-0.0067869585638709855
E15_r00_p068_450,E15,0.0,0.45,transporte_logistica,"Transporte de pasajeros y carga, almacenamiento, apoyo, correo y mensajería.",P104,P109,6,25090.974998895443,-0.05010336114536451,-0.06785798810597761,-0.004699072710880418
E15_r00_p068_450,E15,0.0,0.45,alojamiento_comidas,Alojamiento y suministro de comidas y bebidas.,P110,P111,2,29302.71482493113,-0.006330467787137077,-0.010903926964940316,-0.00601773990440436
E15_r00_p068_450,E15,0.0,0.45,servicios_privados,"Información, finanzas, inmobiliarios, profesionales, administrativos y otros servicios de mercado.",P112,P136,25,144897.2483061703,-0.003995085153016853,-0.01113219448185544,-0.0005409372619830805
E15_r00_p068_450,E15,0.0,0.45,servicios_publicos_sociales,"Gobierno, enseñanza, salud, cultura, asociaciones y servicios domésticos.",P137,P150,14,78471.62944532983,-0.004911081335754293,-0.016088926446860916,0.0
E15_r00_p068_450,E15,0.0,0.45,ajustes_comercio_exterior,Compras directas de residentes y no residentes.,P151,P152,2,0.0,0.0,0.0,0.0
E15_r00_p068_502,E15,0.0,0.502,agricultura_pesca_silvicultura,"Agricultura, ganadería, silvicultura y pesca.",P001,P030,30,74663.33847793967,-0.008935522229099359,-0.07674453257085259,-0.001953243220257624
E15_r00_p068_502,E15,0.0,0.502,mineria,"Petróleo crudo, gas natural y minerales.",P031,P033,3,8450.23278764872,-0.017510634228812386,-0.02624804729518605,-0.010397206151639823
E15_r00_p068_502,E15,0.0,0.502,alimentos_bebidas_tabaco,"Alimentos procesados, bebidas y tabaco.",P034,P058,25,85313.2317468036,-0.010987303496417352,-0.021712845279306333,-0.0035980054923549767
E15_r00_p068_502,E15,0.0,0.502,manufactura_otros_y_refinacion,"Textiles, cuero, madera, papel, edición, impresión y refinación.",P059,P070,12,24472.43089526476,-0.010120257738330092,-0.023529111475448578,0.0
E15_r00_p068_502,E15,0.0,0.502,quimica_farmaceutica,"Fertilizantes, pinturas, limpieza, otros químicos y farmacéuticos.",P071,P075,5,15290.689256096739,-0.007959382174431042,-0.017565762903843846,-0.003112663993592165
E15_r00_p068_502,E15,0.0,0.502,otras_manufacturas,"Caucho, plástico, minerales no metálicos, metales, maquinaria, equipo, muebles y otros.",P076,P094,19,37622.85104702268,-0.010574090952300105,-0.0410851047352811,0.0
E15_r00_p068_502,E15,0.0,0.502,electricidad_agua_desechos,"Electricidad, gas, agua y gestión de desechos.",P095,P097,3,18377.121163366268,-0.0345388645168711,-0.03795704570156538,-0.02122788004830879
E15_r00_p068_502,E15,0.0,0.502,construccion,"Edificaciones, obras civiles y servicios de construcción.",P098,P101,4,42692.54198585462,-0.009772743118240201,-0.01449068783922897,-0.005638589404033389
E15_r00_p068_502,E15,0.0,0.502,comercio_reparacion,Comercio y reparación de vehículos.,P102,P103,2,110301.56241488637,-0.008054669788207475,-0.014028570975673263,-0.007571229331251632
E15_r00_p068_502,E15,0.0,0.502,transporte_logistica,"Transporte de pasajeros y carga, almacenamiento, apoyo, correo y mensajería.",P104,P109,6,25090.974998895443,-0.055893082877717735,-0.0756993556204461,-0.005242076668582157
E15_r00_p068_502,E15,0.0,0.502,alojamiento_comidas,Alojamiento y suministro de comidas y bebidas.,P110,P111,2,29302.71482493113,-0.007061988509206252,-0.012163936303111196,-0.006713123182246641
E15_r00_p068_502,E15,0.0,0.502,servicios_privados,"Información, finanzas, inmobiliarios, profesionales, administrativos y otros servicios de mercado.",P112,P136,25,144897.2483061703,-0.004456739437365468,-0.01241858139975874,-0.0006034455678122366
E15_r00_p068_502,E15,0.0,0.502,servicios_publicos_sociales,"Gobierno, enseñanza, salud, cultura, asociaciones y servicios domésticos.",P137,P150,14,78471.62944532983,-0.0054785840678859,-0.017948091280720405,0.0
E15_r00_p068_502,E15,0.0,0.502,ajustes_comercio_exterior,Compras directas de residentes y no residentes.,P151,P152,2,0.0,0.0,0.0,0.0
E15_r15_p068_450,E15,0.15,0.45,agricultura_pesca_silvicultura,"Agricultura, ganadería, silvicultura y pesca.",P001,P030,30,74663.33847793967,0.008072374398472602,0.0017645650876285785,0.06933121356132982
E15_r15_p068_450,E15,0.15,0.45,mineria,"Petróleo crudo, gas natural y minerales.",P031,P033,3,8450.23278764872,0.01581915324314856,0.009392863517345728,0.023712555300409617
E15_r15_p068_450,E15,0.15,0.45,alimentos_bebidas_tabaco,"Alimentos procesados, bebidas y tabaco.",P034,P058,25,85313.2317468036,0.00992595901825289,0.0032504476713699163,0.019615441812664548
E15_r15_p068_450,E15,0.15,0.45,manufactura_otros_y_refinacion,"Textiles, cuero, madera, papel, edición, impresión y refinación.",P059,P070,12,24472.43089526476,0.009142667588783378,0.0,0.021256261494675206
E15_r15_p068_450,E15,0.15,0.45,quimica_farmaceutica,"Fertilizantes, pinturas, limpieza, otros químicos y farmacéuticos.",P071,P075,5,15290.689256096739,0.007190526893134081,0.002811988878623547,0.015868956633877808
E15_r15_p068_450,E15,0.15,0.45,otras_manufacturas,"Caucho, plástico, minerales no metálicos, metales, maquinaria, equipo, muebles y otros.",P076,P094,19,37622.85104702268,0.009552661713771112,0.0,0.03711639220633188
E15_r15_p068_450,E15,0.15,0.45,electricidad_agua_desechos,"Electricidad, gas, agua y gestión de desechos.",P095,P097,3,18377.121163366268,0.03120250149122021,0.019177322941211807,0.03429049540777141
E15_r15_p068_450,E15,0.15,0.45,construccion,"Edificaciones, obras civiles y servicios de construcción.",P098,P101,4,42692.54198585462,0.008828721962508397,0.005093916570470645,0.01309092569304038
E15_r15_p068_450,E15,0.15,0.45,comercio_reparacion,Comercio y reparación de vehículos.,P102,P103,2,110301.56241488637,0.007276609975266141,0.006839868588712668,0.012673448097123126
E15_r15_p068_450,E15,0.15,0.45,transporte_logistica,"Transporte de pasajeros y carga, almacenamiento, apoyo, correo y mensajería.",P104,P109,6,25090.974998895443,0.050493958797892535,0.004735705917275563,0.06838699794191595
E15_r15_p068_450,E15,0.15,0.45,alojamiento_comidas,Alojamiento y suministro de comidas y bebidas.,P110,P111,2,29302.71482493113,0.006379819084146599,0.006064653225715581,0.010988932205676285
E15_r15_p068_450,E15,0.15,0.45,servicios_privados,"Información, finanzas, inmobiliarios, profesionales, administrativos y otros servicios de mercado.",P112,P136,25,144897.2483061703,0.004026230186937644,0.0005451543208762459,0.011218979259018054
E15_r15_p068_450,E15,0.15,0.45,servicios_publicos_sociales,"Gobierno, enseñanza, salud, cultura, asociaciones y servicios domésticos.",P137,P150,14,78471.62944532983,0.004949367326898768,0.0,0.016214353100047072
E15_r15_p068_450,E15,0.15,0.45,ajustes_comercio_exterior,Compras directas de residentes y no residentes.,P151,P152,2,0.0,0.0,0.0,0.0
E15_r15_p068_502,E15,0.15,0.502,agricultura_pesca_silvicultura,"Agricultura, ganadería, silvicultura y pesca.",P001,P030,30,74663.33847793967,0.009005182106740551,0.0019684703866434364,0.07734282046175014
E15_r15_p068_502,E15,0.15,0.502,mineria,"Petróleo crudo, gas natural y minerales.",P031,P033,3,8450.23278764872,0.017647144284579058,0.010478261079350126,0.02645267280179027
E15_r15_p068_502,E15,0.15,0.502,alimentos_bebidas_tabaco,"Alimentos procesados, bebidas y tabaco.",P034,P058,25,85313.2317468036,0.011072958727028782,0.003626054957839329,0.02188211508879468
E15_r15_p068_502,E15,0.15,0.502,manufactura_otros_y_refinacion,"Textiles, cuero, madera, papel, edición, impresión y refinación.",P059,P070,12,24472.43089526476,0.01019915362126501,0.0,0.023712540600726566
E15_r15_p068_502,E15,0.15,0.502,quimica_farmaceutica,"Fertilizantes, pinturas, limpieza, otros químicos y farmacéuticos.",P071,P075,5,15290.689256096739,0.008021432223007352,0.0031369298157089345,0.017702702733792576
E15_r15_p068_502,E15,0.15,0.502,otras_manufacturas,"Caucho, plástico, minerales no metálicos, metales, maquinaria, equipo, muebles y otros.",P076,P094,19,37622.85104702268,0.010656524845140219,0.0,0.04140539752795245
E15_r15_p068_502,E15,0.15,0.502,electricidad_agua_desechos,"Electricidad, gas, agua y gestión de desechos.",P095,P097,3,18377.121163366268,0.0348081238857612,0.021393369147751837,0.03825295265489165
E15_r15_p068_502,E15,0.15,0.502,construccion,"Edificaciones, obras civiles y servicios de construcción.",P098,P101,4,42692.54198585462,0.009848929833731592,0.0056825469297250315,0.014603654884236159
E15_r15_p068_502,E15,0.15,0.502,comercio_reparacion,Comercio y reparación de vehículos.,P102,P103,2,110301.56241488637,0.008117462683519119,0.007630253403408356,0.014137935432790683
E15_r15_p068_502,E15,0.15,0.502,transporte_logistica,"Transporte de pasajeros y carga, almacenamiento, apoyo, correo y mensajería.",P104,P109,6,25090.974998895443,0.056328816258982346,0.005282943045494072,0.07628949548187071
E15_r15_p068_502,E15,0.15,0.502,alojamiento_comidas,Alojamiento y suministro de comidas y bebidas.,P110,P111,2,29302.71482493113,0.007117042622759094,0.006765457598464936,0.01225876437166555
E15_r15_p068_502,E15,0.15,0.502,servicios_privados,"Información, finanzas, inmobiliarios, profesionales, administrativos y otros servicios de mercado.",P112,P136,25,144897.2483061703,0.004491483452983773,0.000608149931288612,0.012515394640060141
E15_r15_p068_502,E15,0.15,0.502,servicios_publicos_sociales,"Gobierno, enseñanza, salud, cultura, asociaciones y servicios domésticos.",P137,P150,14,78471.62944532983,0.005521294218007072,0.0,0.01808801168049696
E15_r15_p068_502,E15,0.15,0.502,ajustes_comercio_exterior,Compras directas de residentes y no residentes.,P151,P152,2,0.0,0.0,0.0,0.0
E15_r30_p068_450,E15,0.3,0.45,agricultura_pesca_silvicultura,"Agricultura, ganadería, silvicultura y pesca.",P001,P030,30,74663.33847793967,0.024154679081994437,0.005280045412539889,0.2074573268375673
E15_r30_p068_450,E15,0.3,0.45,mineria,"Petróleo crudo, gas natural y minerales.",P031,P033,3,8450.23278764872,0.04733509015754328,0.028105931752296875,0.07095423666224099
E15_r30_p068_450,E15,0.3,0.45,alimentos_bebidas_tabaco,"Alimentos procesados, bebidas y tabaco.",P034,P058,25,85313.2317468036,0.029701094477517356,0.00972619907094649,0.05869458955299413
E15_r30_p068_450,E15,0.3,0.45,manufactura_otros_y_refinacion,"Textiles, cuero, madera, papel, edición, impresión y refinación.",P059,P070,12,24472.43089526476,0.027357279365312848,0.0,0.06360435598527045
E15_r30_p068_450,E15,0.3,0.45,quimica_farmaceutica,"Fertilizantes, pinturas, limpieza, otros químicos y farmacéuticos.",P071,P075,5,15290.689256096739,0.02151595812589758,0.00841421440488947,0.04748411507399014
E15_r30_p068_450,E15,0.3,0.45,otras_manufacturas,"Caucho, plástico, minerales no metálicos, metales, maquinaria, equipo, muebles y otros.",P076,P094,19,37622.85104702268,0.02858409021745268,0.0,0.1110620615658042
E15_r30_p068_450,E15,0.3,0.45,electricidad_agua_desechos,"Electricidad, gas, agua y gestión de desechos.",P095,P097,3,18377.121163366268,0.09336613651350016,0.05738362202134584,0.10260623098626873
E15_r30_p068_450,E15,0.3,0.45,construccion,"Edificaciones, obras civiles y servicios de construcción.",P098,P101,4,42692.54198585462,0.026417871023040884,0.015242345554915444,0.039171511799732224
E15_r30_p068_450,E15,0.3,0.45,comercio_reparacion,Comercio y reparación de vehículos.,P102,P103,2,110301.56241488637,0.021773541473825833,0.020466695741296316,0.03792230842343543
E15_r30_p068_450,E15,0.3,0.45,transporte_logistica,"Transporte de pasajeros y carga, almacenamiento, apoyo, correo y mensajería.",P104,P109,6,25090.974998895443,0.15109127874114955,0.014170484545431542,0.20463198398980947
E15_r30_p068_450,E15,0.3,0.45,alojamiento_comidas,Alojamiento y suministro de comidas y bebidas.,P110,P111,2,29302.71482493113,0.019090105955430273,0.01814704635583552,0.032881791376292886
E15_r30_p068_450,E15,0.3,0.45,servicios_privados,"Información, finanzas, inmobiliarios, profesionales, administrativos y otros servicios de mercado.",P112,P136,25,144897.2483061703,0.012047545526892146,0.0016312459037355724,0.03357015299989155
E15_r30_p068_450,E15,0.3,0.45,servicios_publicos_sociales,"Gobierno, enseñanza, salud, cultura, asociaciones y servicios domésticos.",P137,P150,14,78471.62944532983,0.014809815989551828,0.0,0.04851763264695505
E15_r30_p068_450,E15,0.3,0.45,ajustes_comercio_exterior,Compras directas de residentes y no residentes.,P151,P152,2,0.0,0.0,0.0,0.0
E15_r30_p068_502,E15,0.3,0.502,agricultura_pesca_silvicultura,"Agricultura, ganadería, silvicultura y pesca.",P001,P030,30,74663.33847793967,0.02694588644258045,0.005890183993544498,0.2314301734943528
E15_r30_p068_502,E15,0.3,0.502,mineria,"Petróleo crudo, gas natural y minerales.",P031,P033,3,8450.23278764872,0.052804922797970506,0.03135372831034007,0.0791533928987666
E15_r30_p068_502,E15,0.3,0.502,alimentos_bebidas_tabaco,"Alimentos procesados, bebidas y tabaco.",P034,P058,25,85313.2317468036,0.03313322095047491,0.010850115408033637,0.06547707545689567
E15_r30_p068_502,E15,0.3,0.502,manufactura_otros_y_refinacion,"Textiles, cuero, madera, papel, edición, impresión y refinación.",P059,P070,12,24472.43089526476,0.030518564980860106,0.0,0.0709541926769017
E15_r30_p068_502,E15,0.3,0.502,quimica_farmaceutica,"Fertilizantes, pinturas, limpieza, otros químicos y farmacéuticos.",P071,P075,5,15290.689256096739,0.02400224662044574,0.009386523625010034,0.05297116837142899
E15_r30_p068_502,E15,0.3,0.502,otras_manufacturas,"Caucho, plástico, minerales no metálicos, metales, maquinaria, equipo, muebles y otros.",P076,P094,19,37622.85104702268,0.031887140642580546,0.0,0.12389589979118598
E15_r30_p068_502,E15,0.3,0.502,electricidad_agua_desechos,"Electricidad, gas, agua y gestión de desechos.",P095,P097,3,18377.121163366268,0.1041551122883935,0.06401461834381246,0.11446295101134867
E15_r30_p068_502,E15,0.3,0.502,construccion,"Edificaciones, obras civiles y servicios de construcción.",P098,P101,4,42692.54198585462,0.029470602785703383,0.01700368326348345,0.04369799760770129
E15_r30_p068_502,E15,0.3,0.502,comercio_reparacion,Comercio y reparación de vehículos.,P102,P103,2,110301.56241488637,0.024289595155245713,0.022831736138068347,0.04230444184125463
E15_r30_p068_502,E15,0.3,0.502,transporte_logistica,"Transporte de pasajeros y carga, almacenamiento, apoyo, correo y mensajería.",P104,P109,6,25090.974998895443,0.16855071539568248,0.015807962759570297,0.2282783465841875
E15_r30_p068_502,E15,0.3,0.502,alojamiento_comidas,Alojamiento y suministro de comidas y bebidas.,P110,P111,2,29302.71482493113,0.02129607375472444,0.020244038379176515,0.0366814650464423
E15_r30_p068_502,E15,0.3,0.502,servicios_privados,"Información, finanzas, inmobiliarios, profesionales, administrativos y otros servicios de mercado.",P112,P136,25,144897.2483061703,0.013439706343333012,0.0018197454303894606,0.03744937067987902
E15_r30_p068_502,E15,0.3,0.502,servicios_publicos_sociales,"Gobierno, enseñanza, salud, cultura, asociaciones y servicios domésticos.",P137,P150,14,78471.62944532983,0.01652117250390004,0.0,0.0541241146417143
E15_r30_p068_502,E15,0.3,0.502,ajustes_comercio_exterior,Compras directas de residentes y no residentes.,P151,P152,2,0.0,0.0,0.0,0.0
E20_r00_p068_450,E20,0.0,0.45,agricultura_pesca_silvicultura,"Agricultura, ganadería, silvicultura y pesca.",P001,P030,30,74663.33847793967,-0.010875096494769657,-0.09340295684521369,-0.00237722071004207
E20_r00_p068_450,E20,0.0,0.45,mineria,"Petróleo crudo, gas natural y minerales.",P031,P033,3,8450.23278764872,-0.02131155091336449,-0.03194553600961691,-0.01265405840599565
E20_r00_p068_450,E20,0.0,0.45,alimentos_bebidas_tabaco,"Alimentos procesados, bebidas y tabaco.",P034,P058,25,85313.2317468036,-0.013372244249108912,-0.026425907913863508,-0.0043790005681643845
E20_r00_p068_450,E20,0.0,0.45,manufactura_otros_y_refinacion,"Textiles, cuero, madera, papel, edición, impresión y refinación.",P059,P070,12,24472.43089526476,-0.012316994646139699,-0.02863641890995403,0.0
E20_r00_p068_450,E20,0.0,0.45,quimica_farmaceutica,"Fertilizantes, pinturas, limpieza, otros químicos y farmacéuticos.",P071,P075,5,15290.689256096739,-0.009687072223243928,-0.021378646002518154,-0.0037883092244874604
E20_r00_p068_450,E20,0.0,0.45,otras_manufacturas,"Caucho, plástico, minerales no metálicos, metales, maquinaria, equipo, muebles y otros.",P076,P094,19,37622.85104702268,-0.012869338411608991,-0.050003174636938326,0.0
E20_r00_p068_450,E20,0.0,0.45,electricidad_agua_desechos,"Electricidad, gas, agua y gestión de desechos.",P095,P097,3,18377.121163366268,-0.0420359856772029,-0.04619612867355725,-0.025835674511888295
E20_r00_p068_450,E20,0.0,0.45,construccion,"Edificaciones, obras civiles y servicios de construcción.",P098,P101,4,42692.54198585462,-0.011894047343237435,-0.01763608488533569,-0.006862520431492395
E20_r00_p068_450,E20,0.0,0.45,comercio_reparacion,Comercio y reparación de vehículos.,P102,P103,2,110301.56241488637,-0.009803043284364496,-0.017073659393665768,-0.009214665628971405
E20_r00_p068_450,E20,0.0,0.45,transporte_logistica,"Transporte de pasajeros y carga, almacenamiento, apoyo, correo y mensajería.",P104,P109,6,25090.974998895443,-0.06802542191723746,-0.09213091029904044,-0.006379939318841315
E20_r00_p068_450,E20,0.0,0.45,alojamiento_comidas,Alojamiento y suministro de comidas y bebidas.,P110,P111,2,29302.71482493113,-0.008594887295167454,-0.01480428089829723,-0.008170296096456114
E20_r00_p068_450,E20,0.0,0.45,servicios_privados,"Información, finanzas, inmobiliarios, profesionales, administrativos y otros servicios de mercado.",P112,P136,25,144897.2483061703,-0.005424134168180573,-0.015114200109168138,-0.0007344314759721207
E20_r00_p068_450,E20,0.0,0.45,servicios_publicos_sociales,"Gobierno, enseñanza, salud, cultura, asociaciones y servicios domésticos.",P137,P150,14,78471.62944532983,-0.006667783803272134,-0.021843963852400575,0.0
E20_r00_p068_450,E20,0.0,0.45,ajustes_comercio_exterior,Compras directas de residentes y no residentes.,P151,P152,2,0.0,0.0,0.0,0.0
E20_r00_p068_502,E20,0.0,0.502,agricultura_pesca_silvicultura,"Agricultura, ganadería, silvicultura y pesca.",P001,P030,30,74663.33847793967,-0.012131774311943039,-0.10419618741399393,-0.002651921769869153
E20_r00_p068_502,E20,0.0,0.502,mineria,"Petróleo crudo, gas natural y minerales.",P031,P033,3,8450.23278764872,-0.02377421901890882,-0.03563702017072819,-0.014116305155132921
E20_r00_p068_502,E20,0.0,0.502,alimentos_bebidas_tabaco,"Alimentos procesados, bebidas y tabaco.",P034,P058,25,85313.2317468036,-0.014917481362339275,-0.029479568383909964,-0.004885018411596715
E20_r00_p068_502,E20,0.0,0.502,manufactura_otros_y_refinacion,"Textiles, cuero, madera, papel, edición, impresión y refinación.",P059,P070,12,24472.43089526476,-0.013740291805249173,-0.03194551620621537,0.0
E20_r00_p068_502,E20,0.0,0.502,quimica_farmaceutica,"Fertilizantes, pinturas, limpieza, otros químicos y farmacéuticos.",P071,P075,5,15290.689256096739,-0.01080646723570767,-0.023849067318364683,-0.004226069401539346
E20_r00_p068_502,E20,0.0,0.502,otras_manufacturas,"Caucho, plástico, minerales no metálicos, metales, maquinaria, equipo, muebles y otros.",P076,P094,19,37622.85104702268,-0.01435646196139492,-0.05578131926165122,0.0
E20_r00_p068_502,E20,0.0,0.502,electricidad_agua_desechos,"Electricidad, gas, agua y gestión de desechos.",P095,P097,3,18377.121163366268,-0.046893477355457465,-0.0515343479869461,-0.028821130233262045
E20_r00_p068_502,E20,0.0,0.502,construccion,"Edificaciones, obras civiles y servicios de construcción.",P098,P101,4,42692.54198585462,-0.013268470591789315,-0.019674032472085587,-0.00765552279246485
E20_r00_p068_502,E20,0.0,0.502,comercio_reparacion,Comercio y reparación de vehículos.,P102,P103,2,110301.56241488637,-0.010935839397224392,-0.019046615590267147,-0.010279471434985877
E20_r00_p068_502,E20,0.0,0.502,transporte_logistica,"Transporte de pasajeros y carga, almacenamiento, apoyo, correo y mensajería.",P104,P109,6,25090.974998895443,-0.07588613733878485,-0.10277714882248508,-0.0071171767512407565
E20_r00_p068_502,E20,0.0,0.502,alojamiento_comidas,Alojamiento y suministro de comidas y bebidas.,P110,P111,2,29302.71482493113,-0.009588074271497916,-0.016514997802100462,-0.009114419200935487
E20_r00_p068_502,E20,0.0,0.502,servicios_privados,"Información, finanzas, inmobiliarios, profesionales, administrativos y otros servicios de mercado.",P112,P136,25,144897.2483061703,-0.006050923005392549,-0.016860729899560903,-0.0008192991131955654
E20_r00_p068_502,E20,0.0,0.502,servicios_publicos_sociales,"Gobierno, enseñanza, salud, cultura, asociaciones y servicios domésticos.",P137,P150,14,78471.62944532983,-0.007438283264983582,-0.024368155230900197,0.0
E20_r00_p068_502,E20,0.0,0.502,ajustes_comercio_exterior,Compras directas de residentes y no residentes.,P151,P152,2,0.0,0.0,0.0,0.0
E20_r15_p068_450,E20,0.15,0.45,agricultura_pesca_silvicultura,"Agricultura, ganadería, silvicultura y pesca.",P001,P030,30,74663.33847793967,0.010959876977850263,0.002395753135964316,0.09413111110171181
E20_r15_p068_450,E20,0.15,0.45,mineria,"Petróleo crudo, gas natural y minerales.",P031,P033,3,8450.23278764872,0.02147769229725942,0.012752707386729428,0.03219457821135432
E20_r15_p068_450,E20,0.15,0.45,alimentos_bebidas_tabaco,"Alimentos procesados, bebidas y tabaco.",P034,P058,25,85313.2317468036,0.013476492089839021,0.004413138544205131,0.026631919992915733
E20_r15_p068_450,E20,0.15,0.45,manufactura_otros_y_refinacion,"Textiles, cuero, madera, papel, edición, impresión y refinación.",P059,P070,12,24472.43089526476,0.012413015932636167,0.0,0.028859663773119333
E20_r15_p068_450,E20,0.15,0.45,quimica_farmaceutica,"Fertilizantes, pinturas, limpieza, otros químicos y farmacéuticos.",P071,P075,5,15290.689256096739,0.009762591062374999,0.0038178422669083033,0.0215453104488129
E20_r15_p068_450,E20,0.15,0.45,otras_manufacturas,"Caucho, plástico, minerales no metálicos, metales, maquinaria, equipo, muebles y otros.",P076,P094,19,37622.85104702268,0.01296966568024416,0.0,0.050392991251744686
E20_r15_p068_450,E20,0.15,0.45,electricidad_agua_desechos,"Electricidad, gas, agua y gestión de desechos.",P095,P097,3,18377.121163366268,0.042363691383004866,0.026037085227359615,0.04655626617737452
E20_r15_p068_450,E20,0.15,0.45,construccion,"Edificaciones, obras civiles y servicios de construcción.",P098,P101,4,42692.54198585462,0.011986771401366786,0.006916019524361347,0.017773572934011717
E20_r15_p068_450,E20,0.15,0.45,comercio_reparacion,Comercio y reparación de vehículos.,P102,P103,2,110301.56241488637,0.009879466215021547,0.009286501663146016,0.017206762864705766
E20_r15_p068_450,E20,0.15,0.45,transporte_logistica,"Transporte de pasajeros y carga, almacenamiento, apoyo, correo y mensajería.",P104,P109,6,25090.974998895443,0.06855573703992894,0.006429676287863751,0.09284914788760489
E20_r15_p068_450,E20,0.15,0.45,alojamiento_comidas,Alojamiento y suministro de comidas y bebidas.,P110,P111,2,29302.71482493113,0.008661891638279094,0.008233990395656341,0.014919692663776487
E20_r15_p068_450,E20,0.15,0.45,servicios_privados,"Información, finanzas, inmobiliarios, profesionales, administrativos y otros servicios de mercado.",P112,P136,25,144897.2483061703,0.005466419835741644,0.0007401569842793313,0.01523202795439678
E20_r15_p068_450,E20,0.15,0.45,servicios_publicos_sociales,"Gobierno, enseñanza, salud, cultura, asociaciones y servicios domésticos.",P137,P150,14,78471.62944532983,0.006719764761067803,0.0,0.022014255840953734
E20_r15_p068_450,E20,0.15,0.45,ajustes_comercio_exterior,Compras directas de residentes y no residentes.,P151,P152,2,0.0,0.0,0.0,0.0
E20_r15_p068_502,E20,0.15,0.502,agricultura_pesca_silvicultura,"Agricultura, ganadería, silvicultura y pesca.",P001,P030,30,74663.33847793967,0.012226351650846299,0.0026725957205646364,0.10500848394013186
E20_r15_p068_502,E20,0.15,0.502,mineria,"Petróleo crudo, gas natural y minerales.",P031,P033,3,8450.23278764872,0.023959558962720513,0.01422635357364039,0.03591484058244416
E20_r15_p068_502,E20,0.15,0.502,alimentos_bebidas_tabaco,"Alimentos procesados, bebidas y tabaco.",P034,P058,25,85313.2317468036,0.015033775620220421,0.004923101220424391,0.029709386303208216
E20_r15_p068_502,E20,0.15,0.502,manufactura_otros_y_refinacion,"Textiles, cuero, madera, papel, edición, impresión y refinación.",P059,P070,12,24472.43089526476,0.013847408884851902,0.0,0.03219455825356868
E20_r15_p068_502,E20,0.15,0.502,quimica_farmaceutica,"Fertilizantes, pinturas, limpieza, otros químicos y farmacéuticos.",P071,P075,5,15290.689256096739,0.010890712696249442,0.004259015151084374,0.0240349907673424
E20_r15_p068_502,E20,0.15,0.502,otras_manufacturas,"Caucho, plástico, minerales no metálicos, metales, maquinaria, equipo, muebles y otros.",P076,P094,19,37622.85104702268,0.01446838260329459,0.0,0.05621618135194629
E20_r15_p068_502,E20,0.15,0.502,electricidad_agua_desechos,"Electricidad, gas, agua y gestión de desechos.",P095,P097,3,18377.121163366268,0.04725905127615207,0.029045815075854502,0.05193610138009334
E20_r15_p068_502,E20,0.15,0.502,construccion,"Edificaciones, obras civiles y servicios de construcción.",P098,P101,4,42692.54198585462,0.01337190942996917,0.0077152040027319915,0.019827408028608627
E20_r15_p068_502,E20,0.15,0.502,comercio_reparacion,Comercio y reparación de vehículos.,P102,P103,2,110301.56241488637,0.011021093422090707,0.010359608521998447,0.019195099906849554
E20_r15_p068_502,E20,0.15,0.502,transporte_logistica,"Transporte de pasajeros y carga, almacenamiento, apoyo, correo y mensajería.",P104,P109,6,25090.974998895443,0.0764777333200985,0.007172661103350228,0.10357838275461698
E20_r15_p068_502,E20,0.15,0.502,alojamiento_comidas,Alojamiento y suministro de comidas y bebidas.,P110,P111,2,29302.71482493113,0.009662821338702457,0.00918547373026552,0.01664374603825733
E20_r15_p068_502,E20,0.15,0.502,servicios_privados,"Información, finanzas, inmobiliarios, profesionales, administrativos y otros servicios de mercado.",P112,P136,25,144897.2483061703,0.006098095016760678,0.0008256862357960543,0.01699217340690485
E20_r15_p068_502,E20,0.15,0.502,servicios_publicos_sociales,"Gobierno, enseñanza, salud, cultura, asociaciones y servicios domésticos.",P137,P150,14,78471.62944532983,0.0074962709112356436,0.0,0.024558125404797286
E20_r15_p068_502,E20,0.15,0.502,ajustes_comercio_exterior,Compras directas de residentes y no residentes.,P151,P152,2,0.0,0.0,0.0,0.0
E20_r30_p068_450,E20,0.3,0.45,agricultura_pesca_silvicultura,"Agricultura, ganadería, silvicultura y pesca.",P001,P030,30,74663.33847793967,0.032794850450470064,0.0071687269819706734,0.2816651790486363
E20_r30_p068_450,E20,0.3,0.45,mineria,"Petróleo crudo, gas natural y minerales.",P031,P033,3,8450.23278764872,0.06426693550788311,0.038159473179454374,0.09633469243232518
E20_r30_p068_450,E20,0.3,0.45,alimentos_bebidas_tabaco,"Alimentos procesados, bebidas y tabaco.",P034,P058,25,85313.2317468036,0.0403252284287868,0.013205277656574595,0.07968974789969469
E20_r30_p068_450,E20,0.3,0.45,manufactura_otros_y_refinacion,"Textiles, cuero, madera, papel, edición, impresión y refinación.",P059,P070,12,24472.43089526476,0.03714302651141189,0.0,0.08635574645619239
E20_r30_p068_450,E20,0.3,0.45,quimica_farmaceutica,"Fertilizantes, pinturas, limpieza, otros químicos y farmacéuticos.",P071,P075,5,15290.689256096739,0.02921225434799382,0.011423993758304024,0.06446926690014373
E20_r30_p068_450,E20,0.3,0.45,otras_manufacturas,"Caucho, plástico, minerales no metálicos, metales, maquinaria, equipo, muebles y otros.",P076,P094,19,37622.85104702268,0.03880866977209715,0.0,0.15078915714042712
E20_r30_p068_450,E20,0.3,0.45,electricidad_agua_desechos,"Electricidad, gas, agua y gestión de desechos.",P095,P097,3,18377.121163366268,0.12676336844321212,0.07790984496660724,0.13930866102830575
E20_r30_p068_450,E20,0.3,0.45,construccion,"Edificaciones, obras civiles y servicios de construcción.",P098,P101,4,42692.54198585462,0.035867590145970865,0.02069455948021501,0.05318323075335893
E20_r30_p068_450,E20,0.3,0.45,comercio_reparacion,Comercio y reparación de vehículos.,P102,P103,2,110301.56241488637,0.029561975714407482,0.027787668955263335,0.05148718512307711
E20_r30_p068_450,E20,0.3,0.45,transporte_logistica,"Transporte de pasajeros y carga, almacenamiento, apoyo, correo y mensajería.",P104,P109,6,25090.974998895443,0.20513689599709456,0.019239291894568744,0.27782920607424916
E20_r30_p068_450,E20,0.3,0.45,alojamiento_comidas,Alojamiento y suministro de comidas y bebidas.,P110,P111,2,29302.71482493113,0.025918670571725547,0.024638276887768706,0.044643666225850046
E20_r30_p068_450,E20,0.3,0.45,servicios_privados,"Información, finanzas, inmobiliarios, profesionales, administrativos y otros servicios de mercado.",P112,P136,25,144897.2483061703,0.016356973839663797,0.0022147454445307748,0.045578256017961526
E20_r30_p068_450,E20,0.3,0.45,servicios_publicos_sociales,"Gobierno, enseñanza, salud, cultura, asociaciones y servicios domésticos.",P137,P150,14,78471.62944532983,0.020107313325407664,0.0,0.0658724755343078
E20_r30_p068_450,E20,0.3,0.45,ajustes_comercio_exterior,Compras directas de residentes y no residentes.,P151,P152,2,0.0,0.0,0.0,0.0
E20_r30_p068_502,E20,0.3,0.502,agricultura_pesca_silvicultura,"Agricultura, ganadería, silvicultura y pesca.",P001,P030,30,74663.33847793967,0.036584477613635494,0.007997113210998394,0.31421315529425625
E20_r30_p068_502,E20,0.3,0.502,mineria,"Petróleo crudo, gas natural y minerales.",P031,P033,3,8450.23278764872,0.0716933369443496,0.04256901230241354,0.10746670133561609
E20_r30_p068_502,E20,0.3,0.502,alimentos_bebidas_tabaco,"Alimentos procesados, bebidas y tabaco.",P034,P058,25,85313.2317468036,0.044985032602779945,0.014731220852445439,0.08889834099032608
E20_r30_p068_502,E20,0.3,0.502,manufactura_otros_y_refinacion,"Textiles, cuero, madera, papel, edición, impresión y refinación.",P059,P070,12,24472.43089526476,0.041435109574952826,0.0,0.09633463271335237
E20_r30_p068_502,E20,0.3,0.502,quimica_farmaceutica,"Fertilizantes, pinturas, limpieza, otros químicos y farmacéuticos.",P071,P075,5,15290.689256096739,0.03258789262820643,0.01274409970370804,0.07191904885304921
E20_r30_p068_502,E20,0.3,0.502,otras_manufacturas,"Caucho, plástico, minerales no metálicos, metales, maquinaria, equipo, muebles y otros.",P076,P094,19,37622.85104702268,0.043293227167983936,0.0,0.16821368196554315
E20_r30_p068_502,E20,0.3,0.502,electricidad_agua_desechos,"Electricidad, gas, agua y gestión de desechos.",P095,P097,3,18377.121163366268,0.14141157990776107,0.0869127603849707,0.15540655074713217
E20_r30_p068_502,E20,0.3,0.502,construccion,"Edificaciones, obras civiles y servicios de construcción.",P098,P101,4,42692.54198585462,0.040012289451727495,0.02308593079792874,0.05932884852930262
E20_r30_p068_502,E20,0.3,0.502,comercio_reparacion,Comercio y reparación de vehículos.,P102,P103,2,110301.56241488637,0.03297802624140567,0.03099868847898265,0.05743681540396603
E20_r30_p068_502,E20,0.3,0.502,transporte_logistica,"Transporte de pasajeros y carga, almacenamiento, apoyo, correo y mensajería.",P104,P109,6,25090.974998895443,0.22884160397898104,0.021462498957941126,0.30993391433171796
E20_r30_p068_502,E20,0.3,0.502,alojamiento_comidas,Alojamiento y suministro de comidas y bebidas.,P110,P111,2,29302.71482493113,0.028913716948902712,0.02748536666146641,0.049802489878614936
E20_r30_p068_502,E20,0.3,0.502,servicios_privados,"Información, finanzas, inmobiliarios, profesionales, administrativos y otros servicios de mercado.",P112,P136,25,144897.2483061703,0.018247113038913836,0.0024706715847876643,0.050845076713370414
E20_r30_p068_502,E20,0.3,0.502,servicios_publicos_sociales,"Gobierno, enseñanza, salud, cultura, asociaciones y servicios domésticos.",P137,P150,14,78471.62944532983,0.022430825087454778,0.0,0.0734844060404945
E20_r30_p068_502,E20,0.3,0.502,ajustes_comercio_exterior,Compras directas de residentes y no residentes.,P151,P152,2,0.0,0.0,0.0,0.0
