fuente_id,titulo,autor_institucion,fecha_publicacion,tipo_fuente,nivel_evidencia,tema,url,hecho_minimo_utilizable,uso_en_el_suplemento,limite_inferencia,fecha_consulta
F001,"Reglamento General de la Ley de Alcohol Carburante","Ministerio de Energía y Minas de Guatemala",2025-12-22,"fuente primaria institucional","alta para fecha y contenido normativo resumido","regulación; gobernanza","https://mem.gob.gt/reglamento-general-de-la-ley-de-alcohol-carburante/","El Acuerdo Gubernativo 257-2025 fue publicado el 22 de diciembre de 2025 y fijó inicialmente el 30 de junio de 2026 para incorporar 10 % en volumen de alcohol carburante en las gasolinas.","Documentar la configuración inicialmente anunciada y el cambio posterior del calendario.","La página resume la posición oficial; no sustituye la lectura integral del acuerdo ni demuestra por sí sola la representatividad de la consulta.",2026-08-24
F002,"Ambassador Greer Signs the United States-Guatemala Agreement on Reciprocal Trade","Office of the United States Trade Representative",2026-01-30,"fuente primaria institucional","alta para fecha y acto de firma","comercio; gobernanza","https://ustr.gov/about/policy-offices/press-office/press-releases/2026/january/ambassador-greer-signs-united-states-guatemala-agreement-reciprocal-trade","Representantes de Estados Unidos y Guatemala firmaron el Acuerdo sobre Comercio Recíproco el 30 de enero de 2026.","Separar la firma de la entrada en vigor y del cumplimiento material.","La nota de prensa no prueba por sí sola la ejecución de cada compromiso.",2026-08-24
F003,"Agreement between the United States of America and the Republic of Guatemala on Reciprocal Trade","Gobiernos de Estados Unidos y Guatemala",2026-01-30,"texto oficial de acuerdo internacional","muy alta para el texto del compromiso","comercio; procedencia; gobernanza","https://ustr.gov/sites/default/files/files/Press/Releases/2026/Guatemala%20ART%201.30%20for%20posting%20CLEAN.pdf","El Anexo III, sección D, artículo 4.1 dispone el mandato E10 para uso vial y señala que Guatemala procurará comprar al menos 50 millones de galones de etanol de Estados Unidos cada año. El artículo 7.7 regula su entrada en vigor.","Construir una referencia de abastecimiento vinculada a Estados Unidos y separar mezcla de procedencia.","La expresión 'procurará comprar' es un compromiso de esfuerzo; no acredita contrato, adjudicación, proveedor, precio, entrega ni volumen importado.",2026-08-24
F004,"Guatemala avanza en la implementación del Acuerdo Recíproco de Aranceles con Estados Unidos","Ministerio de Economía de Guatemala",2026-02-02,"fuente primaria institucional","alta para el estado procesal reportado en esa fecha","comercio; gobernanza","https://mineco.gob.gt/guatemala-avanza-en-la-implementacion-del-acuerdo-reciproco-de-aranceles-con-estados-unidos","MINECO informó que el acuerdo firmado debía completar procedimientos legales internos.","Registrar que firma y entrada en vigor son hitos distintos.","El estado procesal puede cambiar; debe verificarse en cada versión del suplemento.",2026-08-24
F005,"MINECO aclara alcance de publicación de USTR y reafirma vigencia del Acuerdo de Comercio Recíproco con Estados Unidos","Ministerio de Economía de Guatemala",2026-06-05,"fuente primaria institucional","alta para la posición oficial guatemalteca a esa fecha","comercio; gobernanza","https://mineco.gob.gt/mineco-aclara-alcance-de-publicacion-de-ustr-y-reafirma-vigencia-del-acuerdo-de-comercio-reciproco-con-estados-unidos","MINECO comunicó que el acuerdo se mantenía vigente y sin cambios al 5 de junio de 2026.","Actualizar el estado institucional sin inferir cumplimiento material de cada obligación.","La declaración de vigencia no demuestra compras, entregas ni cumplimiento cuantitativo.",2026-08-24
F006,"Implementación de la Ley de Alcohol Carburante traerá beneficios ambientales","Ministerio de Energía y Minas de Guatemala",2024-07-09,"fuente primaria institucional","media-alta para declaraciones oficiales sobre capacidad estatal","gobernanza; cronología","https://mem.gob.gt/implementacion-de-la-ley-de-alcohol-carburante-traera-beneficios-ambientales/","Al explicar el Acuerdo Gubernativo 101-2024, un viceministro señaló restricciones presupuestarias, falta de equipo para certificar calidad, necesidad de capacitación y falta de preparación de agentes de la cadena.","Codificar barreras institucionales observables: presupuesto, laboratorio, personal y adecuaciones privadas.","Son explicaciones oficiales parciales, no una evaluación causal exhaustiva de toda la demora histórica.",2026-08-24
F007,"Mezcla de combustibles fósiles con etanol comenzará en 2026","Diario de Centro América",2025-12-01,"fuente primaria periodística estatal","media-alta para cronología normativa resumida","regulación; cronología","https://dca.gob.gt/noticias-guatemala-diario-centro-america/mezcla-de-combustibles-fosiles-con-etanol-comenzara-en-2026/","El Acuerdo Gubernativo 159-2023 sustituyó el reglamento de 1985 y el Acuerdo Gubernativo 101-2024 modificó el calendario.","Mostrar que la ejecución requirió sucesivas reformas reglamentarias.","Las fechas y artículos deben cotejarse con los textos legales si se usan en un análisis jurídico detallado.",2026-08-24
F008,"MEM efectúa cambios en el reglamento del etanol","Diario de Centro América",2026-06-05,"fuente primaria periodística estatal","alta para anuncio oficial de reforma y fase operativa","regulación; gobernanza; logística","https://dca.gob.gt/noticias-guatemala-diario-centro-america/mem-efectua-cambios-en-el-reglamento-del-etanol/","El Acuerdo Gubernativo 95-2026 reformó el reglamento para introducir flexibilidad operativa y una fase de acondicionamiento, calibración y verificación.","Documentar una nueva adaptación institucional y controles previos al despacho.","No mide por sí sola la preparación efectiva de cada terminal o estación.",2026-08-24
F009,"MEM divulga acuerdo del etanol","Diario de Centro América",2026-07-10,"fuente primaria periodística estatal","alta para metodología oficial de suministro","abastecimiento; gobernanza; trazabilidad","https://dca.gob.gt/noticias-guatemala-diario-centro-america/mem-divulga-acuerdo-del-etanol/","El Acuerdo Ministerial 295-2026 estableció la metodología de seguridad de suministro para los dos primeros períodos de implementación.","Definir variables de seguimiento: capacidad, contratación, inventarios, calidad, trazabilidad y continuidad.","El procedimiento no demuestra cumplimiento ni suficiencia; se requieren registros administrativos y resultados de fiscalización.",2026-08-24
F010,"Alcohol Carburante: índice oficial de normativa, calidad, formularios y porcentajes","Ministerio de Energía y Minas de Guatemala",2026-08-24,"índice oficial actualizado","alta para localizar documentos vigentes","regulación; datos administrativos; actualización","https://mem.gob.gt/que-hacemos/area-energetica/alcohol-carburante/","El MEM mantiene un índice con registros, licencias, normas de calidad, metodología de emisiones, inventarios y acuerdos ministeriales.","Usar como punto de control en cada actualización y conservar versiones locales con huella digital.","El índice puede cambiar sin versionado y no prueba que cada instrumento se aplicó efectivamente.",2026-08-24
F011,"Gasolina regular con etanol comienza a suministrarse el próximo 22","Diario de Centro América",2026-08-05,"fuente primaria periodística estatal","alta para la disposición ministerial vigente","regulación; alcance de implementación","https://dca.gob.gt/noticias-guatemala-diario-centro-america/tag/22-de-agosto-del-presente-ano/","El Acuerdo Ministerial 333-2026/SG fijó el 22 de agosto de 2026 para incorporar alcohol carburante a la gasolina regular; la gasolina superior quedó pendiente de dictámenes técnicos y económicos.","Configurar la actualización normativa sobre gasolina regular y mantener la superior fuera de la actualización factual.","La fecha normativa no prueba cobertura total, mezcla efectiva promedio ni disponibilidad continua en todas las estaciones.",2026-08-24
F012,"Llegan al país 3 mil toneladas de combustible E10","Diario de Centro América",2026-07-11,"fuente primaria periodística estatal","media-alta para un embarque reportado","procedencia importada; logística","https://dca.gob.gt/noticias-guatemala-diario-centro-america/llegan-al-pais-3-mil-toneladas-de-combustible-e10/","Se reportó la llegada a Santo Tomás de Castilla de tres mil toneladas métricas de etanol procedente de Estados Unidos.","Registrar evidencia observada de abastecimiento importado y contrastarla con estadísticas aduaneras.","Un embarque no determina el total anual, la participación importada, el proveedor contractual, el precio ni la continuidad.",2026-08-24
F013,"Pleno remite siete iniciativas de ley","Congreso de la República de Guatemala",2026-02-10,"fuente primaria legislativa","alta para estado de iniciativa","contestación política; gobernanza","https://www.congreso.gob.gt/noticias_congreso/15314/2026/","La iniciativa 6704, que propone derogar la Ley del Alcohol Carburante, fue conocida por el Pleno y remitida para estudio y dictamen.","Representar la contestación legislativa como dimensión de viabilidad política.","Una iniciativa no equivale a ley vigente ni permite predecir su aprobación.",2026-08-24
F014,"Pleno da trámite a iniciativa que regula uso de etanol","Congreso de la República de Guatemala",2026-04-21,"fuente primaria legislativa","alta para estado de iniciativa","contestación política; alternativa de política","https://www.congreso.gob.gt/noticias_congreso/15815/2026/4","La iniciativa 6725, orientada a voluntariedad y protección patrimonial, fue cursada a la Comisión de Economía y Comercio Exterior.","Incorporar una alternativa institucional y un indicador de incertidumbre regulatoria.","La iniciativa no modifica por sí sola el mandato vigente ni demuestra preferencias de toda la población.",2026-08-24
F015,"Comercio Exterior por inciso arancelario del SAC, año 2026","Banco de Guatemala",2026-08-24,"fuente primaria estadística oficial","alta para importaciones registradas","procedencia importada; comercio","https://banguat.gob.gt/page/ano-2026-13","BANGUAT publica archivos de comercio exterior por inciso arancelario, país, valor y volumen para 2026.","Construir la serie reproducible de importaciones de alcohol etílico por procedencia y mes.","Debe verificarse la cobertura del inciso, separar usos cuando el código no los distinga y documentar revisiones.",2026-08-24
F016,"Nueva metodología de la Hoja de Balance de Alimentos","Instituto Nacional de Estadística de Guatemala",2025-12-18,"fuente primaria estadística institucional","alta para disponibilidad alimentaria agregada","seguridad alimentaria; datos","https://www.ine.gob.gt/2025/12/18/el-ine-presenta-nueva-metodologia-de-la-hba/","La Hoja de Balance de Alimentos integra producción, importaciones, exportaciones y otros usos para estimar disponibilidad física y nutricional.","Definir indicadores de seguridad alimentaria sin usar solo producción de caña como sustituto.","No identifica por sí sola causalidad, distribución entre hogares, acceso económico ni efectos locales de uso de suelo.",2026-08-24
F017,"Comunicación institucional sobre capacidad productiva y sostenibilidad de movilidadVERDE","Ministerio de Energía y Minas de Guatemala",2020-12-01,"fuente primaria institucional de un programa","media para identificar afirmaciones que requieren réplica","producción nacional; seguridad alimentaria","https://mem.gob.gt/movilidadverde-evidencia-cientificamente-beneficios-del-uso-del-etanol-en-la-gasolina/","El MEM afirmó que la capacidad instalada nacional sería suficiente para una mezcla de 10 % y que no requeriría ampliar área cultivable.","Tratar como hipótesis institucional a contrastar con producción, exportaciones comprometidas, materia prima, área, agua y costos de oportunidad.","La página no aporta un conjunto de datos replicable que demuestre ausencia de efectos; capacidad instalada no equivale a oferta disponible.",2026-08-24
F018,"Etanol por decreto: la factura social de una imposición comercial","Silvia Patricia Villatoro y Juan José Narciso Chúa; Plaza Pública",2026-07-28,"evidencia crítica secundaria aportada por la usuaria","media para identificar preguntas, actores y mecanismos; no es fuente causal primaria","gobernanza; conflictividad; procedencia; distribución","https://plazapublica.com.gt/ensayo/ensayo/etanol-por-decreto-la-factura-social-de-una-imposicion-comercial/","El ensayo plantea preguntas sobre legitimidad, comunicación, fiscalización de precios, productores locales, importaciones y capacidad institucional.","Convertir preguntas críticas en indicadores y pruebas de sensibilidad sin copiar el ensayo ni usar sus conclusiones como coeficientes.","Es un ensayo interpretativo; sus afirmaciones causales requieren corroboración independiente.",2026-08-24
F019,"International Energy Data: motor gasoline consumption, Guatemala, annual","U.S. Energy Information Administration",2026-07-02,"fuente primaria estadística oficial","alta para energía anual y metadatos de serie","emisiones; energía; actualización","https://www.eia.gov/opendata/bulkfiles.php","La serie INTL.62-2-GTM-TJ.A registra consumo anual de gasolina de motor en Guatemala en terajulios y cubre 1980–2024 en la descarga consultada.","Actualizar la trayectoria abierta de energía y emisiones, separada de los controles reportados.","La serie abierta no coincide exactamente con el linaje agregado del manuscrito y no debe calibrarse para forzar coincidencia.",2026-08-24
F020,"National Weekly Ethanol Report","USDA Agricultural Marketing Service",2026-06-26,"fuente primaria estadística oficial","alta para la observación de mercado reportada","precios; comercio","https://www.ams.usda.gov/mnreports/ams_3616.pdf","El reporte semanal registra una referencia Illinois FOB-R de 1.82 USD por galón.","Construir una referencia FOB explícita para sensibilidades de costo.","FOB Illinois no es un precio entregado en Guatemala y no incluye flete, seguro, impuestos ni márgenes comparables.",2026-08-24
F021,"U.S. Gulf Coast conventional regular gasoline retail price","U.S. Energy Information Administration",2026-06-26,"fuente primaria estadística oficial","alta para observaciones diarias del mercado indicado","precios; combustibles","https://www.eia.gov/dnav/pet/hist/eer_epmru_pf4_rgc_dpgD.htm","Cinco observaciones diarias del 22 al 26 de junio de 2026 producen un promedio de 2.9664 USD por galón.","Construir una referencia contemporánea de gasolina para sensibilidades de costo.","El mercado y la condición comercial no son directamente comparables con FOB Illinois ni con un precio mayorista en Guatemala.",2026-08-24
F022,"MIP Guatemala 2013 reproducible, versión 1.0.0","Juan Alejandro Osorio",2026-08-24,"dataset y código reproducible","muy alta para matrices, vectores, controles y clasificación usados","matriz insumo-producto; economía","https://doi.org/10.5281/zenodo.22086008","El paquete publica matrices doméstica, importada y total, inversa de Leontief, productos y coeficientes primarios con controles de integridad.","Fijar la dependencia económica por versión, commit y huellas SHA-256.","La estructura productiva corresponde a 2013; no representa automáticamente tecnología, precios ni empleo de 2026.",2026-08-24
F023,"2006 IPCC Guidelines for National Greenhouse Gas Inventories, Volume 2, Chapter 3","Intergovernmental Panel on Climate Change",2006-01-01,"guía metodológica internacional primaria","alta para el factor por defecto de combustión móvil","emisiones; factor de emisión","https://www.ipcc-nggip.iges.or.jp/public/2006gl/pdf/2_Volume2/V2_3_Ch3_Mobile_Combustion.pdf","La guía reporta 69,300 kg CO2/TJ como factor por defecto para gasolina de motor.","Documentar el factor de 69.3 tCO2/TJ aplicado al CO2 de escape.","Es un valor por defecto; un factor nacional específico y documentado tendría prioridad en una actualización.",2026-08-24
F024,"Cuaderno privado del cálculo económico E5","autor omitido en rama pública",,"cuaderno computacional histórico aportado por el autor","muy alta para reconstruir el cálculo que alimentó el manuscrito","economía; E5; trazabilidad","archivo_privado_no_redistribuido; identificador:omitido_en_rama_publica","El cuaderno ejecutado usa una mezcla de 5%, produce r=1.528571%, suma Δx=3.166772 y un multiplicador de producción de 1.686962.","Fijar valores dorados y reconstruir públicamente el bloque desde la MIP v1.0.0 licenciada.","No se redistribuye por licencia pendiente; los parámetros de precios, participación de gasolina y abastecimiento doméstico carecen de fuente primaria dentro del cuaderno.",2026-09-03
F025,"Informe técnico privado del escenario E5","autor omitido en rama pública",,"informe técnico histórico aportado por el autor","alta para interpretar variables, unidades y alcance del cuaderno","economía; E5; interpretación","archivo_privado_no_redistribuido; identificador:omitido_en_rama_publica","El informe identifica 1.5286% como encarecimiento energético E5, 3.1668 como producción total y 1.8791 como resultado de P010.","Verificar la rotulación de las cifras trasladadas al manuscrito.","No se redistribuye por licencia pendiente y no respalda los valores sectoriales 0.80/0.50/0.30, el total 4.77 o el multiplicador 1.13.",2026-09-03
F026,"Implementación tardía de la Ley del Alcohol Carburante: efectos económico-ambientales en Guatemala (1986–2030)","Juan Alejandro Osorio; Silvia Patricia Villatoro; Noé Salguero",,"manuscrito en revisión aportado por el autor","muy alta para identificar las afirmaciones y ubicaciones que se reconcilian","manuscrito; economía; E5; E10; trazabilidad","archivo_local_no_redistribuido; identificador:omitido_en_rama_publica","La versión auditada declara el escenario E5 en la metodología, presenta Q4.77 millones en el abstract, el resumen y la tabla demand-pull, y Q4.75 millones en la discusión. Su identificador se omite en esta rama pública.","Anclar cada cifra reportada a una versión exacta del manuscrito sin redistribuir el DOCX.","Es un borrador no redistribuido; la paginación y el contenido pueden cambiar en revisiones posteriores y deben volver a registrarse en la auditoría local.",2026-09-03
F027,"Cuaderno privado principal de emisiones","autor no declarado en el artefacto",,"cuaderno computacional histórico recuperado de Google Drive","muy alta para recuperar el cálculo anual y sus salidas ejecutadas","emisiones; contrafactual; trazabilidad","archivo_privado_google_drive_no_redistribuido; identificador:omitido_en_rama_publica","Las salidas Plotly embebidas contienen las series anuales usadas por el cuaderno y permiten reconstruir 1986–2023 y verificar la proyección; el código usa 21.1 y 32.0 MJ/L, un factor de 69.3 tCO2/TJ y ajuste log-lineal con 2014–2023.","Recuperar y verificar la serie anual del contrafactual, sus parámetros y sus totales sin redistribuir el cuaderno.","La serie fue contrastada posteriormente con una copia recuperada del libro primario. Ni esa coincidencia ni el cuaderno establecen por sí solos la procedencia estadística o la licencia del libro.",2026-09-04
F028,"Cuaderno privado corroborante de emisiones","autor no declarado en el artefacto",,"copia corroborante de cuaderno computacional recuperada de Google Drive","alta como corroboración independiente de las salidas embebidas del cuaderno principal","emisiones; contrafactual; trazabilidad","archivo_privado_google_drive_no_redistribuido; identificador:omitido_en_rama_publica","La celda 0 y las celdas 3–17 conservan las mismas cuatro series Plotly recuperadas del cuaderno principal.","Corroborar por igualdad exacta las matrices anuales extraídas del cuaderno principal.","La celda 1 intenta mostrar un objeto aún no definido; las celdas posteriores a la 17 corresponden a una refactorización fallida con datos simulados. Esos segmentos se excluyen. La copia no se redistribuye ni se le atribuye una licencia no documentada.",2026-09-04
F029,"Copia privada del libro primario, hoja 1.CONSUMO FINAL","autor o institución no determinados",,"copia recuperada del libro primario referido por el cuaderno","muy alta para verificar el insumo computacional; procedencia estadística y licencia pendientes","emisiones; energía; insumo primario","archivo_externo_no_redistribuido; identificador:omitido_en_rama_publica","Contiene 38 filas continuas 1986–2023 y columnas No, año y BTU. Los 38 BTU, CO2 de referencia y volúmenes coinciden con la reconstrucción pública a 15 cifras significativas.","Verificar la reconstrucción anual, el ajuste log-lineal y los agregados desde una copia del insumo primario.","El libro no contiene URL, nota metodológica o licencia. Sus metadatos identificables se omiten y no bastan para atribución institucional o redistribución.",2026-09-04
F030,"Contrafactual del artículo recuperado, 1986–2023","Autores del suplemento",2026-09-03,"tabla derivada reproducible","alta para reproducir las series embebidas y verificada contra una copia del insumo primario","emisiones; contrafactual; datos derivados; trazabilidad","01_datos/insumos_publicables/contrafactual_articulo_recuperado_1986_2023.csv; sha256:e6a1fd25f0326f29a58869624ee574d604d75c51178ea6d44937070dddbf2d9f","La tabla contiene 38 observaciones recuperadas de las salidas Plotly, con BTU invertidos, CO2 de referencia y millones de galones; coincide 38/38 con la copia recuperada del libro primario a 15 cifras significativas.","Servir como entrada pública derivada del cálculo anual y permitir que las salidas ejecutadas vuelvan a calcularse y contrastarse con el Excel y los totales publicados.","Sigue siendo una reconstrucción de arrays de salida, no una copia del Excel. La tabla derivada se publica bajo CC BY 4.0; esa licencia no se extiende al libro ni a los cuadernos privados.",2026-09-04
